transaction_date_time,cust_id,credit_card_number,transaction_amount,transaction_type,day_type
96256,5455,38799477984754,7327,c,w
785459,7208,3585203772922834,6986,a,s
1615429,9627,379580177928797,6405,a,w
2664541,9739,379564857613804,1114,d,s
2784743,6778,30110316486084,714,c,s
4834055,5076,3508631645372130,2099,c,w
4999454,938,3540094224724876,4229,d,s
6089938,2699,30479117901215,7277,a,s
6158510,6822,2711814322246240,7364,d,s
7188663,7202,30559357745073,7961,d,s
7310043,1686,341937785367161,4647,d,s
7439372,5240,2705774364098776,4656,c,w
7665677,8683,4035521893000,1984,d,w
7977304,801,213104723953025,4706,c,s
9653399,9714,6011276495379992,8098,b,s
10708792,4469,4.75747785006538E+018,9584,d,w
10855292,8598,3552440874218591,9080,c,w
11176984,3837,4089797506646931,9513,a,s
14492789,6532,4870258031758,9378,a,w
17702137,2186,4658275597053,7051,a,w
19163954,4371,4.66669377705205E+018,8738,b,s
21672386,6286,3539593930050792,4552,b,s
22012408,524,3518357495912449,4126,a,w
22167417,8017,577995546360,4604,a,w
22767093,3871,3586356285766327,8592,b,s
23557921,5347,4438789488211881,6519,d,w
25633178,5929,4312121649697322,6139,d,s
25920125,4767,4120066197999,1607,a,s
25993012,6528,6559406218626779,8692,c,w
26445534,3927,5352948006341385,1339,c,w
26500482,7217,4308379828687128,302,b,w
27429673,5077,30513077568349,7659,d,w
27689731,4542,2221257820686165,9923,d,w
28427797,5688,30432921453709,7720,b,w
28858219,5649,4950339841696,7449,a,s
30367768,5043,3502617957328683,1003,b,s
30444097,7283,4009724158427250,8852,d,w
31368339,8500,370242265467563,1378,b,w
34205887,4417,3573017585229144,5069,d,w
36027967,2521,3525137753212067,1679,c,s
36310866,3339,676391093751,1072,d,s
36892763,655,375827210287135,6279,a,s
37397745,4247,676259696570,4951,c,w
40519482,3802,4.81432911896636E+018,1184,b,w
40719207,1260,3542291112485176,7788,b,s
40946240,4154,30575623865230,1064,d,s
41046114,6962,501808536764,5635,c,s
41788335,3943,630489227870,4125,b,s
42094301,9453,4.33055397404813E+018,4358,a,s
44650367,3921,30234378248784,1837,b,s
45789291,2199,347077933310039,5933,c,w
47402807,1117,4715113001736270,3835,d,w
48363810,4055,587912434855,2187,a,w
48395603,8969,4.55378824558111E+018,1771,a,s
48634515,2790,2233362306870402,3877,b,s
50706297,807,4.48030509625515E+018,2127,c,s
50832988,1185,6011328530238376,3139,d,w
50842598,8787,6011187743804576,9390,a,w
52205959,4709,6011145903498506,9527,c,w
53949623,8544,630426489468,8640,c,s
54573979,2775,6534384489153080,3381,c,s
57032039,6734,36870613208747,5182,b,w
57569791,2002,6543366637380698,4879,c,w
58154966,8316,2228520644554163,1079,c,s
59473563,7335,4495730231295,3058,a,s
61578568,9505,4282051318978446,9803,b,w
63187241,3369,213130274765088,3984,b,w
63212061,1403,213154636151886,4793,a,s
64094992,5129,180055303472415,3005,d,w
64849919,1278,6011814560507830,9893,c,w
65625728,1694,4354151673495086,8593,a,s
66283116,3465,4192010889195,8305,b,s
67393644,7517,4670175747939834,4609,d,s
68154826,5861,4513876981824548,8936,b,s
70590080,5742,345100506726738,2045,b,w
70741065,1871,36314678233027,101,c,w
70991422,4021,30016531561066,8952,c,s
72080564,6111,3577313031115474,1976,d,w
73389079,9042,6011015826633788,7067,c,w
73679543,3235,3560989695060285,8527,c,w
74080862,6232,4455631510817,5683,a,w
74315546,3199,3551539766572295,8427,c,w
74404608,2907,4274308173340,8005,d,w
74449117,3715,3592438481184349,8307,d,s
74996861,5514,30423332658937,524,d,w
77987433,4492,2223420177539530,3552,c,s
79396950,6036,4198378449041833,8306,b,w
79473786,8929,3566890666040732,7858,d,s
79821998,1510,38648957019369,3364,b,w
80068126,9097,4246658997304,248,c,s
80476414,8261,36181518945833,5504,a,s
84410896,1202,3587817044288126,8965,d,w
84758251,1195,38329461977018,4787,c,w
85386037,4061,577785608255,3594,b,s
85894940,8197,349119261023897,4574,b,s
86650315,7696,503862296913,9014,c,w
87008447,3097,676355386787,1797,b,w
87927154,9392,4467554540048356,3819,a,s
88214787,6286,639074450730,2119,d,w
88474971,3335,6011351407685917,1486,d,s
89836141,6764,4449115153253288,8245,c,s
89837813,6750,3524491721331074,7150,b,s
90325460,5906,6011333018958032,1006,a,w
93326686,5566,3540083155244657,1781,d,s
93418550,5622,4628354292461162,4525,c,s
94005868,7587,4.2422960679693E+018,7041,a,s
96559415,871,6011045692252678,4546,a,w
96849570,8080,30282209346236,3027,d,s
97151164,9373,4036692162982965,2678,c,s
97236636,7548,3535637490694939,9518,d,s
97844943,2954,3548608279502606,4772,a,s
98317522,7787,30393069257692,9903,c,s
100885599,9737,4896261129693,1844,d,w
101233430,8251,4267578050764781,9924,c,w
101724866,4907,502063763861,634,a,w
102637798,7061,4.70795084604567E+018,4118,b,s
102831862,716,4708976180572842,4367,c,s
104433409,8439,4.17844448853828E+018,5185,a,w
104804004,7952,2253791062607472,1367,d,w
105886042,9424,371235594007067,9780,d,s
106337702,1931,4.23236248370455E+018,1509,d,s
107547019,6574,4.25871584117227E+018,9606,b,s
108397784,6785,4.43373209566864E+018,3594,d,w
109787037,4230,30359397991302,4204,b,s
112072921,7929,4373375250297832,6472,a,w
112263470,1365,503883145230,1013,b,s
112344392,2154,375618409322290,6409,b,w
113226463,7665,2488543991692571,9051,d,w
113632925,9543,6537707737725258,1319,a,w
113731096,3012,4857095881420,7548,b,s
114880359,6072,3529312935037734,8549,a,s
116468921,3452,30223591805355,1988,d,w
121123952,6716,4849468049649524,9610,b,s
121443607,9689,3553539613780743,3797,c,s
121647606,3816,6531969753978783,348,a,w
121839219,3354,36361155586153,8470,c,w
123090473,7139,6011427511361775,6888,d,s
124016696,2827,4591499953070779,2707,c,s
126356657,2676,3588934161229632,256,c,w
126581689,1002,6011370145441821,9811,d,s
126864512,8834,3587501644488613,3596,b,w
126898913,3133,501805818199,1983,a,w
127362025,9893,3543447083461591,9111,d,w
127736098,8093,675962174677,1048,b,s
127845743,7552,4127723218841705,1665,b,w
128023900,3941,4.6994346123422E+018,1977,d,w
130784095,527,347745068896721,2160,b,w
131518165,4557,371016899048901,1051,b,w
133370382,1356,378666611748619,4816,a,s
133620767,5633,676370462035,5279,b,s
134850055,7859,2329252606720818,8516,d,s
135490740,6930,4583181941593,5521,b,s
137136335,4461,4569146218352199,9257,b,w
137603174,1587,6011749900535689,9440,b,s
138041339,1722,501822641822,7485,a,s
138217173,4121,180015266105295,8595,a,w
138229398,9721,3511054994777541,3685,a,s
140456584,2446,4636520015674188,4082,c,w
140457958,6267,4755916757631,2174,d,s
140716728,3447,6577392260807467,848,b,w
140730559,6975,3553691427971909,9204,a,s
143056458,6213,3569532497130277,9941,c,w
143474899,9129,676326479513,4868,b,w
143644290,6708,4449795276914906,4906,a,w
145346360,7638,2262054945926802,7583,d,w
147217631,4853,30472290705222,8954,d,s
149663634,2962,4819882679989990,5295,c,w
150097431,1170,5194352942710385,568,b,w
150180392,6044,4696425701972242,4090,a,s
150189019,7946,3532108964883146,987,c,w
150503138,5181,6011766757367131,263,b,w
150912653,4184,4801406996550,4216,a,s
152433479,7665,375992029378713,707,a,w
154082304,1285,582065712843,3974,b,w
154103701,5676,3532237222167669,9892,a,s
157075959,9602,2709027248495437,5755,a,w
157378450,3933,4862159833186680,1692,b,s
157643669,5886,4239934970310,610,d,w
157785543,9258,4.77993741786602E+018,8960,d,w
158957968,7814,3529087810805112,9379,a,s
159429163,2571,3598768510197563,318,b,w
163838672,8142,3597450501723613,9170,c,w
164577385,9756,4364968285985974,7189,d,s
164779190,5371,30232274938722,4220,c,s
165387683,9327,502069294275,405,c,s
165874205,4235,4.27923329734014E+018,6630,a,s
165926879,2556,4391323845797070,2924,a,w
166038462,9988,3524003400128968,6070,b,w
167308507,3650,372016864459645,5076,d,w
167690077,2414,4714565715821162,4081,c,s
168079593,4897,4653925163924392,4028,a,s
169149654,8381,4.24938377918066E+018,5959,a,w
170932336,6711,379392515669863,2214,b,w
171142515,9446,4.46031824564315E+018,5446,d,s
171868606,2274,3581774233568303,5208,c,w
172362529,8400,3578127989470478,419,b,s
173987332,4444,5465235231928036,8062,b,w
174784903,2310,4586914501260794,8408,d,s
176484353,5995,2685935228183468,1316,b,s
177637788,7786,213188253908236,1170,b,w
178099506,562,6011859615603928,6896,b,s
179446920,7856,213143524249290,4315,c,w
179933127,4083,6511481143095306,913,c,s
180376599,3614,4516548122648,579,d,w
180961139,4208,30078340245521,448,c,s
181098981,8882,6011251507021684,2056,d,w
181211309,2833,213154858991027,1180,b,w
182429474,1668,6011627212581700,5850,a,w
183196739,2809,36519624437916,4298,d,w
183841533,6592,4726602018876274,8442,c,w
184300149,4335,4527886061889018,8441,d,s
184629648,6559,2711755443091991,4589,d,w
186530110,3326,4558073037303505,2533,d,s
186996112,3281,4107960078092912,8404,b,s
187144065,3879,579813092486,3868,a,s
188259635,5570,30460976408518,5162,a,s
188792203,2945,3551179189676926,2901,d,w
189163184,6499,347536487928801,1733,a,s
191057507,3923,213180107754379,2754,a,w
191244423,6556,3534949527360652,5439,d,s
193309851,1420,30434085218332,4926,c,s
193526591,9672,4760980228524521,6430,c,s
196709035,1810,4536717524744269,589,c,w
196760243,8208,6552882880668223,7358,b,w
197646531,4997,4445695330384,5407,c,w
198711266,4256,501808565078,2819,a,s
199315496,1270,3582411902844306,453,a,w
203084936,5167,4093320036872945,9328,b,s
203300806,937,2289770861611891,1318,b,s
204935900,7732,4240988161336613,6191,b,s
206448022,3598,6011406309842642,519,c,s
207346209,2177,6011026491850581,6270,c,s
207381493,5082,4.37362966409599E+018,911,b,s
208805419,6629,3509897656262267,9064,b,w
210668237,5312,38441936833856,1636,c,w
213082432,6324,6567910374369272,7750,d,w
213537169,5749,379407601941057,9753,d,s
214947401,6465,588865929883,3226,b,s
214999797,3421,4.39417190034326E+018,3818,a,s
216013533,2550,4.08391790499699E+018,500,c,w
218100773,7853,3598591296929870,5149,d,s
219022241,1987,4.43581778673806E+018,1229,b,w
221110672,2929,30432648815479,7012,a,w
221201502,5199,348049893794840,8955,a,w
221220508,9424,3582995894633990,625,b,w
221457457,4441,3592500375611727,9878,b,s
221721230,6527,630425976473,539,c,s
221953996,5312,36346009865515,5533,b,s
222094670,3892,4839665779150,4855,c,s
222491917,1843,3560481654871019,9760,d,s
222616079,1206,5353307018648361,2871,a,s
223433964,2810,3587967712602239,9939,b,w
226072069,5320,4767593343873120,260,a,s
226714026,6426,3521699448665912,7947,a,w
226728791,7307,2249139023859856,1514,a,w
226961622,4264,6011282938677422,526,b,s
229935830,7294,4161297209644847,9115,d,s
230096131,3560,4347296197907767,396,b,s
230462525,7631,3575081813501276,2409,a,s
230584132,2140,3524607453292164,4150,b,s
233347112,6952,3531831715890646,1337,a,s
234213571,749,371463912584423,2630,a,s
234222556,5354,180036262573906,7352,c,s
235707598,8143,5457388267271902,2342,a,s
238051605,7772,377882603986197,2006,c,w
238406983,5344,4.14257645950985E+018,5322,c,w
239150788,7777,3544569680903268,6900,d,s
239527323,9655,4926390442454102,1864,a,w
239970587,5560,3584320257440495,7433,b,s
240047473,8056,630474587809,6145,c,s
240767704,8491,346635891717684,9171,a,w
242441242,3608,4969224840749656,4785,b,w
242500403,4412,345678903507280,2252,d,w
243290451,2950,3582078332739388,8702,d,s
246623285,6560,4.21762600211325E+018,9504,c,s
249539424,5477,213198530576714,7251,c,s
249655615,2433,4646019498228974,8925,c,s
250005128,8319,3515181293746749,3099,b,s
250639148,6785,36346339252459,9838,b,s
252186841,6981,4680229293890905,4760,c,w
252629952,8892,4257196322187749,7136,a,s
253029987,9855,30213649381095,3707,c,w
254455178,7062,566725080030,6829,a,s
254873759,4629,346561975984117,8992,a,s
255132021,8251,4960734012660,6086,c,s
255477749,7562,3551737990168860,1370,d,s
255912753,7904,3591125697575367,8385,d,w
255998643,8149,503865699816,3696,b,w
257319986,9123,4.8479459600621E+018,1596,c,w
258006975,9232,675924515512,630,c,w
258630409,7984,4407710162107523,7618,c,s
259260364,6203,4.31016378451553E+018,664,c,w
263689166,9773,2350844567717338,9015,c,s
263986396,4347,3591476454896292,810,b,s
264073517,973,503839273870,146,c,w
264375462,5779,30499767153495,4537,a,s
264887691,5185,4839993354411618,4205,d,w
264918404,6159,6011457297812188,3017,b,w
265471652,1419,6011342628242570,5423,c,s
265501651,3173,30027446771153,4542,c,w
265742602,5252,30010981175709,651,a,w
265829543,4529,30374834062062,5729,c,s
267650173,1088,2246407636099894,3295,c,s
268186752,9674,4498362463823851,2708,b,s
268478025,4510,6011632865612497,9783,b,w
269460016,9780,4687494656763031,1878,b,w
269665455,7471,180022704003132,8480,c,w
270031729,1367,4906840119606669,3790,c,w
272469619,2209,30213235065524,9615,c,s
273213634,9432,4.83775782500521E+018,8177,a,s
273674295,9970,676333550926,6213,d,w
274071233,5662,340572309252226,5328,a,w
275024154,2779,4.45168804390864E+018,8557,a,s
276000942,937,639055937820,1379,c,w
276520728,1441,38142788534200,2471,c,s
277712662,4903,3532157194665369,9010,b,w
278306017,5994,3554358896523566,6712,b,s
279004171,6238,3538284708334789,4128,b,w
279987020,3039,3506623314481781,9956,a,w
280013297,6945,4532993340567986,5691,a,s
281407009,2174,501820465307,9418,d,s
281586138,7154,5471390269745661,8305,a,s
282227773,7624,374559795461022,6760,a,s
284206015,519,38424195471675,3154,a,w
284883886,8497,4.75118844353271E+018,3201,d,w
285053955,5883,378114862291765,5389,c,s
285385204,841,180095967313646,9016,b,s
287297424,6195,2226545589486255,4024,c,w
288067617,867,4950777888916850,6079,d,w
288541474,2114,4810502083289725,5191,a,w
288920411,1537,371538638712968,2378,b,s
289108970,1894,4.07100102581584E+018,5379,b,w
289359022,6881,30118879164410,7322,a,w
290658377,9424,4374429872179107,6207,b,s
290935340,9615,4611101119608429,7007,d,w
291260520,786,4.75894436951102E+018,1508,c,w
293253703,3851,3544909258725794,5958,d,w
293449372,1586,4092115404975,4532,b,s
294223412,2424,6011598652043479,4376,c,s
294550902,6692,180095110343441,1835,b,s
296013955,9738,4838225921987387,1874,a,w
296476559,1029,4605091247825052,4267,d,w
296875006,2311,344186930497336,2325,d,w
298235496,7553,3537517594514530,1789,d,w
298573640,4134,4035178093032543,1275,d,s
299126616,8834,4369024919727,684,a,w
299219730,3594,2467655422075229,7088,c,s
299856267,9726,4931476574200927,4142,c,s
299913965,7783,566972483986,8651,b,s
301910627,6296,6011304250177367,8958,d,w
303636104,9040,2258727633921476,5437,b,w
304460059,8754,6570162131258134,4231,c,s
306614015,8915,2703575356821089,4681,a,s
307300295,7987,4425807755054217,2917,a,w
312005464,4882,180041778413969,8179,a,s
312067294,2860,3518906567561607,7606,d,s
312895884,6159,38967728183605,8784,a,w
314665769,6577,4745408555932,8928,a,w
315486060,1172,4.78270748757628E+018,1703,c,s
316284862,6683,3568244522067505,2059,a,w
316387968,9890,375530451199098,7861,a,s
316952226,3118,4621718647786,2441,c,s
318555160,6867,589382125989,2169,b,w
318797834,3353,376266781030708,5707,d,s
320383847,8209,2697996172753819,554,a,w
320460487,4439,4177236177251,3685,b,w
321450250,4234,346680712204777,3617,d,s
321855350,1589,4.59602347824413E+018,8638,a,s
322654249,6953,180006917610759,2679,c,s
322899336,8348,503836138464,3798,a,w
324020994,5953,501896736326,3908,a,w
324239523,5145,501813519698,6888,b,w
324277136,8513,180055154114058,5644,b,w
327143352,3513,2316288164757003,2788,a,s
327421456,6259,3583447185239995,4537,a,s
330939443,9819,180057611595275,6562,d,s
331029441,3089,2527081695759423,1189,c,s
332152883,7333,3540633881151483,2577,d,w
332972350,2613,4182049806641,4265,b,s
333308822,7831,4133369221341036,6434,c,s
333351336,7193,4887987128500269,7130,c,s
333446140,1782,36484075511570,4510,c,s
334564287,3287,213146111316778,8300,b,s
336278499,7398,3526377792616337,4005,d,s
337340113,6408,4887069569183341,5937,c,w
338738877,9522,3557941888391139,8719,d,w
339090376,5266,2262506587195400,2740,d,s
339958433,7710,3529231594824135,3655,a,w
341813515,5164,4.39555856582043E+018,404,b,w
341974591,4897,4854008874438163,8556,c,s
342142512,1447,4283005114435562,3901,c,w
344538646,8980,3573619162644072,1916,a,s
345619731,5927,346276968896752,8455,a,w
346798038,9043,4503915572864448,2460,a,s
349503689,7518,374184839094851,7082,d,w
349609691,1851,501896061485,854,c,w
349919912,4644,6557169488340032,1265,b,w
354025625,5527,5573685249559117,6701,d,s
354058402,3734,4581660915526,2816,a,s
354990627,5709,4022497515057002,9367,c,s
355409177,9214,180021034300838,2903,c,w
355753391,1319,2285555717171388,9255,a,w
356156875,2394,180018307187306,6485,a,w
357579503,1311,4.89673346616481E+018,6504,a,s
357875767,3142,503892420665,9094,d,s
362203925,5911,3512153999034475,8557,b,s
362524409,5529,4441732107788660,7924,b,s
362785400,1373,6011678516899801,250,a,s
363731771,4012,4494261599330027,7245,d,w
364667528,5434,4777785194200191,364,d,w
365418557,7300,3513030504405888,7543,c,w
365430086,7603,4728974928857,1206,c,s
365907005,8077,2243606666847477,6034,c,w
366279179,9836,4271863967178570,9049,b,s
366733058,9176,3584529696316690,437,c,w
367796134,8194,4393840577207315,1917,c,w
368486656,5708,4638550311174946,361,a,w
369277655,8669,2231203188819079,1546,b,w
369600287,3827,4621619220078438,8769,a,w
370794313,4451,2504701950655779,8644,a,s
371267178,8891,340440077843966,8989,d,w
371600856,5198,30359211036961,9802,b,w
371872602,819,30522732409781,3096,b,s
372429005,9776,4.24178770092976E+018,3703,a,s
373612619,2576,4.23394879911272E+018,4059,d,s
374659515,1135,4485777585874737,7154,c,s
376761344,2687,344021177381291,1907,c,s
377516279,3674,3535794483917452,1371,b,s
378441600,5283,3591672798398504,2322,c,s
379160815,5179,4.18376917732231E+018,5095,c,w
380276586,9389,3513776994584349,4785,b,w
380798203,6998,5336217981655669,1904,d,w
381545144,3122,3538732859886874,610,d,w
382723900,8826,30283921680043,372,a,s
382776477,5905,30171069909789,1938,d,w
383713555,2025,5351491400406885,7748,a,s
383784489,4932,4253164079940,593,d,w
384565379,1121,3516428446779856,5003,c,s
384801309,5192,3568718445007961,5253,a,s
385355322,7079,4427158705666,378,b,w
385587967,5952,3502979861927590,7237,d,s
386370662,2238,213195171257000,240,b,w
387079669,4391,3542539321121473,4908,c,s
387376497,1199,4.35026365460382E+018,9239,d,w
387652920,8677,372263328072172,8982,c,s
390127370,6792,503847634907,3097,b,w
390905288,3690,4310609796874,8732,c,s
391954860,9931,3521664409881940,9592,a,s
396537076,4408,6553900127292752,2933,b,w
398996882,3189,349352325642820,8157,c,s
399578094,7197,4236713570140356,9619,d,s
402070508,4739,6011489154733769,8531,a,s
402860623,7051,213184739196785,4476,d,s
403648745,8861,30488242715200,4149,b,w
403775904,7964,3536986736046381,9276,a,s
404059930,1077,4412730628636,3176,c,s
404571675,1373,4283356910888979,5591,a,w
406292276,6260,341572531251888,3555,a,s
407014296,8071,213139740096481,7863,d,s
407155420,7168,213139800852765,3510,c,s
407975021,1920,4672340147844,5413,a,s
411492295,6243,4.35493452681165E+018,2218,a,w
411877664,6474,2255662828106695,2405,b,w
411936337,3681,3546824750050872,4245,c,w
413109717,969,213140059056371,640,b,w
413162605,7684,2712277286120125,8574,a,s
414321646,3292,4089344026257715,4551,d,w
414944763,1734,3513088204780638,2045,c,s
415362533,5859,372774693444499,9469,a,s
415700934,2314,213198094002370,8871,d,s
415864226,6462,6513530622778549,841,a,w
416823648,8988,375952664377065,1602,b,w
417683230,6190,4.91125643960568E+018,1378,b,s
419275822,2412,370260901228595,8383,d,s
419875106,5243,4100579108352,3980,b,w
420358056,8466,6011826426134443,8510,b,s
420488015,9630,3587880389728031,5259,c,s
421662893,3516,3565714507644208,3141,c,s
422028500,9061,36035879583049,2681,c,w
422486610,6805,4484345371225,8926,c,w
422600511,7683,213179829310361,4584,b,s
423230994,9327,4810157875555385,3011,d,s
425562573,2349,3548837004316830,9182,d,s
425787903,1668,4.39288868142519E+018,4442,a,w
427071964,5475,6011057123637344,843,d,w
427098237,2343,370079002819254,7553,b,w
427161934,732,3556369707153368,3900,a,w
427655673,9630,371918561277611,4092,d,s
427873947,9264,370486437799011,215,d,s
428881009,1386,4235295009648028,2831,d,s
429297299,6120,4534300861693829,2404,c,w
430929709,2528,4.32650031287083E+018,7373,a,w
433162502,9164,4611771135695194,759,c,w
435241069,9459,3527622493387657,5467,d,w
435732163,4443,213158584674237,4239,c,s
437564000,3720,4874927289399114,8836,a,w
438282074,2762,4.95265784117516E+018,5836,b,w
439976084,2991,4106789684294872,3767,c,w
440333998,3692,30535714128401,941,d,w
441297040,9941,4673089310209227,4926,d,w
441732476,9745,4204130250469013,5461,b,s
442860435,7122,676259807037,4659,c,s
444324946,8436,2627128992205763,2894,c,w
444691464,4458,3520695812313262,2275,d,w
444752198,9026,30536103345820,4080,b,s
444860144,8370,2720215953008454,8730,b,s
445794454,530,4080802748858440,1214,a,s
446298592,2991,4158381605576400,7817,a,s
446594043,3713,4552264795010,5699,a,s
449039914,9522,180040856052368,3412,b,w
449095108,8325,4.2664703632845E+018,664,d,w
449125031,9264,4951538935773952,6023,d,w
449930716,3785,3500446826504924,587,b,w
449937903,7105,4.71614230749907E+018,5161,b,s
452374604,7280,2555590789513574,1501,c,s
454536684,3845,213199619536264,9468,a,w
458156951,4508,3559031271320487,1882,b,s
459007651,1964,3576497882901081,6836,d,w
460763238,6373,30598967855161,3737,d,w
461349738,4746,676159484408,7511,c,w
462219571,6090,4559032751045659,5775,d,s
463226408,7825,676300280663,3010,a,w
463618467,8368,4.25471110226862E+018,233,b,s
463682217,9557,3501890505669723,2503,b,w
463692126,2055,180037890720653,471,c,w
464658415,1371,3596569736741230,7846,b,w
465365390,7338,180010156709546,7937,d,w
465896525,2202,3556991273445843,5179,d,s
466454173,5913,36229967944151,115,a,s
468721086,4836,4393494094026251,4367,b,s
468824272,7762,3541149964119551,9149,b,s
469532048,4623,4.73793762804669E+018,5753,c,w
471566582,4955,570530010984,3716,c,s
472419546,6563,3518681473208532,224,d,w
473279572,4674,6537843383495134,7108,b,w
475103011,6250,375498093712811,7531,b,s
476524270,9895,341709868297502,8120,d,w
476965367,9512,4650138030599768,4122,c,s
477605562,1102,4826982477895125,1995,a,w
477967596,1827,3595991712958110,698,a,w
478935341,7733,344415362025574,7314,c,s
481112753,4509,4152311142017,6501,d,w
481415703,7197,579479764279,1037,d,s
481605928,2129,3583858538413915,6936,c,s
484411569,7183,341925933881290,2040,b,s
484586903,1012,4829966045840629,8844,a,s
485009996,9795,6592799303722290,2837,c,w
485633847,9333,2247996782545808,5912,c,w
487206159,6009,344394365278805,635,b,w
488514159,8401,2344063029583068,7243,d,w
488558920,8372,30598446624022,2467,c,s
488699174,3815,3517682194580424,6301,b,w
489963045,5005,4.77658106736261E+018,5252,a,w
490959040,7587,4968893328421,3560,d,w
491552360,6278,2717595436416530,4333,b,s
492756448,8856,4471723425582,1563,d,s
493055788,1297,4623931076149322,9545,b,s
493306902,6313,4324140888038291,5941,b,s
493332762,8295,4719578252356,7662,a,w
495117974,6277,344865404672249,6532,b,s
495323983,3888,4547360343009023,2246,c,s
496115491,6515,6564528490887168,1913,b,w
496426281,6502,3511283118534005,8468,c,w
498140262,7320,579606934126,976,b,w
501057875,2794,3549175678612617,790,a,w
501364656,3807,676206378652,5047,d,s
503386158,1261,4092898834095307,6902,a,w
503773402,8861,4074247906291,4948,a,s
503943065,2389,3540211377628775,7638,a,s
504342523,6579,3509573978393466,8323,c,w
504354207,5083,4.97299023375969E+018,6525,b,s
504786790,5456,2438555977713412,1293,c,w
505173494,7638,213162454992935,4002,d,s
506189765,3269,675962687371,5915,a,w
506196900,6649,4.02929695399501E+018,5356,d,w
506203036,7473,6597513754722377,9041,d,s
507223592,7976,4.68671750215183E+018,1341,a,s
508919964,4410,6582610204086085,4900,c,s
509889168,8032,3520776383806502,9451,d,w
510871536,8284,4.78253212931972E+018,1162,b,w
511404145,3248,344582693273643,6303,c,w
512059551,5418,2711803690984359,2062,a,w
512541253,2274,180018859878765,8641,a,w
513740892,5535,6514868820516074,7097,a,w
514438071,941,4.28943111502454E+018,4951,d,s
514592699,2495,213127175811425,2181,d,w
515019588,6448,3517617108198087,7139,c,w
516260949,9840,4.74919223976841E+018,3263,b,w
516734937,1041,585574311346,5927,a,s
516772454,6454,4.73306945091403E+018,6173,d,w
519543270,3539,676119564190,2517,a,s
520018180,7476,213196794813849,1992,a,w
522559234,6924,341425993548947,6691,a,s
522615329,7707,4.33947428061147E+018,239,d,s
523072180,2768,30256149827968,7205,d,w
524309614,5063,6581899231206219,4886,b,w
525121615,2946,30566354155750,4059,d,s
525136399,4039,4465649041069,9288,c,s
525387339,1170,4558977980865171,3746,c,w
525435896,9329,573366382139,2893,b,w
525644809,5344,36947013064787,4495,b,s
526983778,5542,3577316987326193,2814,d,s
527521416,2782,675965451262,8062,c,w
528033576,1836,30080396783058,297,d,s
528505431,8512,4642890148856,8385,d,w
528737228,6486,180074550682204,1375,d,s
529371276,4177,3571052341947244,8926,a,w
529561184,3408,377245466547722,4137,d,s
529691572,6353,4.57676572974426E+018,8630,d,s
530034697,2521,4.50379466738638E+018,6270,d,w
530701477,7428,343864791508133,2966,d,s
535334962,9307,2719784968935921,1273,b,w
535964396,4214,348355491097159,4229,b,s
536096849,2699,4547733382477782,1561,a,w
536880072,9050,4717065550547326,1562,a,s
537279422,2890,3547146418888504,8408,c,s
539156275,2641,4290997173762764,7891,c,w
539179913,934,4.02870184381358E+018,3459,c,s
539691440,1786,4.18107751677953E+018,4198,b,w
539756331,1283,2252821835113291,757,d,w
540243783,3107,373920713861886,3247,b,w
541946320,6079,4578798651106,3728,a,s
542225647,6025,6011288583433821,5790,c,w
545033771,9279,3502803573407719,1827,d,w
545152311,8976,347403148510868,6973,c,s
546547504,4998,4545987278601614,446,d,s
546890306,3361,30593064368192,1588,c,w
547264052,3617,373189962918249,5735,b,w
547817614,3470,4624474781357756,587,d,s
548091956,7861,3529719359986131,861,d,w
548927113,5979,4343652237797366,2979,a,s
549423970,4168,375995387436668,5761,d,w
551057062,9515,3513595479133608,6218,d,w
551533686,3623,341223315319661,3712,b,w
552407330,2799,4.1662159317451E+018,3612,b,s
552593028,3700,6011793276455486,230,b,w
552830947,7898,6561243774437960,1578,c,w
553839896,8466,3563143668967301,6425,b,w
554262766,4133,4445106413266,1028,a,s
555132442,5770,6585150677789524,2395,b,s
555337790,6847,4379523275216105,5142,a,s
555726446,3774,3558758387931127,1408,b,w
556501665,4419,4755762566626606,8918,c,s
557351461,6403,374362818735997,774,c,s
557446265,3594,4422489895217195,1973,d,w
557886248,9110,3535951704242637,6180,c,w
558117143,7111,343387313336015,8755,c,s
558306666,6912,3556594317807422,7106,b,w
558907403,5171,6011710575536329,7358,a,w
559628769,659,4350559736637,4683,c,s
559922560,2642,4330861599016449,1551,d,w
560040716,7839,4251565953517901,9248,c,s
560324621,7873,5530645137189205,7367,a,w
560380582,6292,4014119388106555,6840,b,w
561936621,8183,377123460755056,4517,b,s
562567835,9816,6554121753449124,1861,a,w
562633718,8712,3570651187944941,9149,c,s
563486499,1464,213136653748892,1148,b,w
565045958,3744,4065940246456,4497,c,s
566540549,4749,502040231677,1526,c,w
566971656,653,6011103670008263,8285,a,s
569012676,5573,4640389967593927,7005,d,w
570074410,9473,3595943018713657,643,c,w
570600246,2245,180029476914685,6757,d,w
572603689,6976,30580529323714,9577,a,s
573714539,4480,4040521521742,1144,a,s
574024388,2718,4579556114381662,3933,b,s
574038811,5372,6508553077193888,5450,c,w
574052355,3394,6011080650125186,5181,b,w
574469275,5386,3563030603511635,7262,a,w
574819624,9171,3572566499802447,6429,d,s
575520879,7518,4152403514644,7414,a,w
577766706,1216,30247248490675,1655,c,s
578085052,1500,6555399808699310,3062,d,w
578984055,6312,3544529184928013,9711,a,w
582513412,1896,6011140594904219,4965,a,w
583393514,3742,213161382579665,1421,b,w
583627892,6627,60463033120,9394,c,s
584289118,1069,503805354647,7412,b,s
584529474,6636,502006754985,3659,b,w
584597176,6932,4154695767393,3855,a,w
585676456,7335,4484688597733,2028,c,w
585690149,9918,4846123063065049,5209,c,s
585790994,5575,180024806647899,6277,d,w
587009598,8843,30416807120086,2028,d,w
588440477,9906,4595852862879415,2202,b,s
588624346,1070,180053806430717,6378,d,s
589987188,8272,4.99302099905083E+018,829,b,s
590830288,9470,2233057413567038,2803,a,w
590874551,6017,3503951168501658,7152,a,s
590938454,7390,501831540130,9773,c,s
591482253,4895,4.4787336374861E+018,5720,a,s
593556034,8155,4.16853503203927E+018,3611,a,s
594976352,7352,38155458008701,4658,b,w
596330642,4585,2612610454069339,8229,b,w
596773132,8420,6011148998770144,5992,c,w
596988949,6495,3548785547478718,4670,b,w
599165985,2827,180098018435079,3379,c,s
601127959,2403,503803512436,5684,c,s
601735148,8323,6011249015750885,7412,a,w
603592164,3106,4.17579665900124E+018,1656,a,s
605775303,2645,2270552312626921,2446,d,s
606383076,6024,503845693582,2883,a,w
606505935,7262,3546791804331162,2175,b,s
606654680,1322,4269802920182562,2528,c,s
607093162,1416,3559069135010217,3107,a,w
607729234,9525,180066188389764,283,c,w
609787610,1807,30310805622955,6436,c,s
610502933,3107,4.25291534285808E+018,8451,c,s
610626023,3048,502035968184,8361,d,w
610804190,6849,3585219460249074,7021,a,w
611377166,2656,2718730146150298,5638,a,s
611917631,3779,2720531921637061,6704,a,w
612088852,5012,4004186742640217,3588,b,s
612749849,3377,6011780813600195,6953,c,w
613271953,4960,30591232955619,1977,c,s
614574508,7200,501879131479,8470,b,w
614720319,3194,2255662039687020,7170,a,s
616808715,4982,60430539332,1606,b,s
617554853,4582,372427319986886,3984,a,s
618071039,2031,5169842130554935,4462,a,w
619092237,8743,639012243403,1576,c,s
619319176,580,3565871452413375,3715,d,w
619619531,3161,5504947817469184,3827,b,w
619719068,4329,30127123997319,3234,d,w
620307444,7409,4597401790533823,3713,a,s
620559201,2819,630425245630,3653,d,w
620886495,2054,3579520950432973,1088,d,w
621119820,2852,2230952560368680,2671,b,s
621653389,6394,213105572494318,1917,b,s
621962910,9563,4183871645131,2104,c,w
622960183,2572,213121852310405,9360,a,w
623893641,8611,3592175725068058,5219,a,s
625123778,3325,4.57322659413504E+018,8818,a,w
625499593,9033,4760831413625,6800,a,s
627628373,3286,38548867045183,160,b,w
628058704,1610,3594951812361426,9912,a,s
628099816,5141,4.28121955773767E+018,7711,d,s
628476048,9960,213154432588760,641,d,s
628857078,2715,180029111478765,7599,d,w
628859401,5887,2295894151542590,5701,d,w
629927239,4009,4058524587692,5624,a,s
630659808,3884,4597969709682303,9959,c,w
631522411,1016,4284943487435190,2268,d,w
632288666,4325,213197722011514,8441,a,w
635166798,9304,3541019414332619,6450,c,s
635764378,2642,3556446367547574,6918,b,w
636301331,1472,4.04383100179758E+018,2097,a,w
636970539,2092,4.46820275454241E+018,2195,c,w
637151175,7526,4076030792903,2240,b,w
637163422,4787,3566898574381007,8760,c,s
637819818,4748,349729902982473,6564,b,w
638101840,889,4566183131156,8002,c,w
639189167,1705,2309594188373837,2936,b,w
639803714,6697,4098299564708,580,c,w
639906298,542,5257101697334600,191,b,w
640007964,9336,373134112916966,186,a,w
640719773,4075,4369317007334282,2986,b,s
641571269,6916,4812843685687363,5767,d,w
641616667,6992,180057253365581,9869,a,w
642036699,527,4118302089594767,1215,a,w
642068333,5970,3570893981055389,8193,a,s
642878542,6747,30029396237672,1280,c,s
642900330,4695,4511495502629,2182,c,s
643761948,1215,3567458453145178,4716,c,s
645315057,6294,4803440715168158,1255,c,s
645639440,8823,6513862306321258,5302,a,w
645669787,2081,4235776082589072,6912,d,w
646205939,3961,4534801739626206,9440,d,s
648067510,6755,340798471183341,8585,b,s
648504829,4705,4447546637249,3348,a,s
649865029,2168,4.82463422753496E+018,9468,c,s
650285762,2443,6513706449650620,3900,a,w
651952477,1968,213163319983531,3695,d,s
652218672,9334,213143166669946,2282,c,w
654182317,2965,4.0152086734471E+018,1840,a,s
660180301,9301,630461455598,7101,c,w
660299910,6435,6535383748632917,2239,c,w
661109679,1917,180010492754123,4267,a,w
664996372,7255,2720190220625143,1643,d,w
665848313,4064,3547456438166454,3265,c,s
665871979,7223,4738928027148207,4729,d,w
668119592,4883,4580174518499796,6911,b,w
668365197,2519,38441959096241,1979,a,w
669450385,8854,4.91422331719938E+018,4189,c,w
670194367,3868,3531257201569579,9684,a,s
673340717,7511,4654908885924147,5091,d,w
674411176,3651,4133568545375,8131,d,w
675110152,5976,2589509136605594,4553,a,s
678872480,2645,213133289907364,4576,a,w
682444945,9519,4068251236546842,6244,c,s
683979009,4913,6579590678393446,1253,d,w
684348646,2917,6597646583419961,985,b,s
684551121,9066,340984441913773,3906,c,s
685898945,9690,6011444737469886,4019,c,w
686308431,7113,4.54284433896619E+018,8821,d,s
688439058,682,4386764673877897,1920,a,w
688763678,9223,30479844406983,9990,c,w
689874493,1993,4203859172047,6642,d,w
690047869,6420,2702796558286811,8869,a,w
690283783,4028,4.67046515748512E+018,5600,a,s
690758780,9989,213150011867948,2471,d,s
690972714,8481,4477299368403,2763,c,w
691353821,1950,345845489375354,541,d,s
691786760,1902,4755597937833,1900,c,s
692115346,8991,4381147220743,7627,c,s
692934294,6979,4731527661947861,5103,a,s
693368976,7917,340443661938739,6830,b,w
694219442,1190,213101171066367,7526,a,s
695712872,4106,378569155971169,5011,d,s
696559301,4248,630467713438,7244,b,w
698535761,9706,30507644185058,7329,d,w
699123567,5594,4.78214069974618E+018,2674,a,w
699237755,8973,4.70680569018889E+018,3091,c,w
701548761,8129,4522059698653,3994,a,s
701827739,9065,5258744068380147,317,b,s
703786338,7550,3554357035084738,2348,b,w
704965274,8250,4457671704185,8754,c,w
705447204,5103,676342994958,4465,d,w
706822914,6636,4135349835398356,1792,a,w
710059877,4632,503897836402,9862,a,w
710885338,699,3530316488948699,5021,b,s
710885981,4109,6011689502113107,5543,a,s
710893343,4494,676181366920,6983,d,w
711027808,7734,4.065133582022E+018,6689,b,s
712676801,4348,30314937186350,6473,b,s
712802838,3244,3575281305765757,3590,c,s
713240191,9194,6570545009907206,5658,d,w
714180094,6843,4362248459292586,7641,a,w
715015961,5642,3553144403385249,7966,c,s
716344493,8632,4.44765926638639E+018,4538,a,s
716460485,7089,30477640410241,6889,b,w
716584964,6830,3563106424419453,1568,c,s
716732770,5349,347747040931451,7340,a,s
718007330,5597,5410199186624469,8029,d,w
718116271,1293,2275997689828359,6054,b,w
718244447,4366,6572594063182569,7999,c,s
720892183,4756,4928609242316718,3295,b,w
721485585,4956,4.51484527447836E+018,535,a,s
722874995,3251,36992109708400,905,b,s
724882419,4758,630423959190,5151,b,s
725095566,1786,503806970045,1111,c,w
725807168,8028,4262952028241,6290,a,w
726226346,8707,4389487842396238,6773,d,s
726604407,5124,3514031209312550,1674,a,s
726962449,4427,213160611600771,9956,b,w
727810373,9856,3522282627485789,4719,a,s
729112941,1555,4943169016498292,1135,b,s
731025457,2435,4023239725680,6991,b,s
732000014,8997,345944924358313,7754,a,w
732116791,4901,376790870411768,4184,a,w
732264091,1470,213198266763502,8743,b,w
733771981,6789,4.45386400054425E+018,6443,d,w
735239830,2522,4340354780661643,617,a,w
735541193,1851,4581368459351474,343,b,w
736490123,2198,3544344715475900,1332,a,w
737944204,6137,3511912911191437,1203,d,s
738245135,5989,6011932181247659,6046,d,s
739813333,7278,4383130696207806,450,b,w
740833167,3361,3563734757323602,8295,b,w
741211278,7552,3525130623920688,5267,d,w
742464092,8709,180097685228072,3273,b,s
743023160,2227,377096889527290,2647,a,s
743049879,2527,4129164806862779,4385,c,w
743737241,1240,4066515261979,3124,c,w
744656328,5575,3513873289658357,798,d,s
745405244,3888,3502288878809720,4338,d,w
745877211,7999,3598768314883269,1140,c,s
746758369,2838,4.72591593261216E+018,5378,c,w
746880590,1056,4.93265420161662E+018,7549,a,s
746898100,2757,6597090038784358,140,d,w
748562944,9661,6011453675930510,6346,a,w
748946939,5200,344295214732795,8789,a,s
750171997,643,502007150977,7797,a,s
751148062,6503,3573452584424737,2387,a,w
752099908,6520,4.66322389703704E+018,8410,c,w
752738991,8878,4452264906602,3024,d,s
753132716,770,4618935358824624,6613,b,w
753457953,7712,3546047441339799,9567,a,w
754158413,9040,4.61722264289541E+018,666,b,s
756191529,5536,6501667892656460,9976,a,w
756318404,4509,343674517836951,8216,c,w
756539448,9889,4254069568136964,1050,c,w
756894552,1798,4256085551826500,9402,d,s
757707055,5829,676352878265,1695,c,w
758763816,6153,6011058362679427,5933,a,s
759027688,6333,30175179879261,918,a,s
759780983,2637,3569752047265320,9336,b,s
759857480,7763,3521289004866102,962,a,w
760331554,7656,6011227538165138,8000,d,s
760456326,9449,4212605203501,3522,c,w
760457879,9826,213124849608469,8654,a,w
763127411,6262,180053166372012,3049,d,s
764060340,1696,2249994042829623,779,d,s
764316307,9148,38935584186806,1765,b,s
764632897,1536,3508601048873448,5250,a,s
765154697,2699,4757020543725,9491,b,w
765298161,8151,4.09474407999801E+018,2095,d,w
765731344,8178,4540157246024670,5970,b,w
767058507,1900,180016511911750,5506,c,s
767671711,6809,4484092797697,7111,d,w
768389891,9723,3558972912679537,8740,c,s
769957383,2452,342991522368353,6375,c,w
770217972,6320,6011963020233659,9530,d,s
770699144,5223,567302571920,7302,b,s
770861787,8653,4445060217667293,7841,d,w
770969145,4922,4217580550560,1038,d,s
771345488,2846,3562540617921373,6818,a,w
772381540,806,4575971300869194,8312,d,s
772798657,5734,6011112405742690,3473,b,w
773020746,3429,4802876928304125,2636,c,s
775075117,562,343429606907340,1700,c,s
777708580,9508,30577287588124,6869,c,s
782534504,7178,4606473485283351,9232,a,s
784502776,7828,36492332159638,9614,a,s
788109746,9193,2230006352162353,5600,d,w
788870071,1773,3562100207940356,4096,b,w
789389768,8404,501855679764,7622,a,w
789546443,9872,3526708508748800,8231,c,w
791380560,7345,4855594049143,5568,d,s
792837955,2871,5188076233118754,9345,b,s
792945393,9869,4492205586313027,7155,a,w
793702374,3082,4722010868292,6473,b,s
794611056,3247,4727082347990238,2713,a,w
794878470,8089,213133198008015,7541,d,w
795681513,3313,4667634509401537,9512,d,w
796665845,5810,4.6130615787653E+018,844,a,s
796740021,7695,340555182747321,9537,b,w
796986566,6155,3516868971112629,1406,d,s
797161323,6214,4542607621460,3114,a,w
798835317,4931,30103205891571,8895,a,w
800391933,3694,4.11210668000095E+018,272,a,s
800528766,7600,6520965391645456,1355,d,s
801079905,1147,3512090836057600,8361,c,s
803416562,7019,6530086445010023,4707,a,s
803570963,8189,4092049195015605,4785,b,s
804381377,4470,180082495147753,5558,c,w
805191367,8124,3592559748267518,5837,c,w
806103417,5043,4.29900202229776E+018,9356,c,s
807579827,5672,5291244093484807,9491,b,s
808003368,1142,180095959663495,5239,b,w
810908841,7524,4186752361595097,8788,a,w
812492161,1777,4596766724113210,3217,d,s
813073761,4824,376925915371276,8467,b,w
814166526,2438,3598398266324508,2528,d,w
814225350,4317,676378921354,3568,a,s
815883597,4003,4.15251456958718E+018,6405,d,s
816817430,5594,6579258965044755,3044,b,s
819701348,6812,3559001535128828,5799,c,w
824763335,9514,4855431002591985,462,d,s
825050072,6729,503872342921,444,a,s
825050839,4608,676326243786,9622,c,s
826071175,2657,4512977558855674,1763,c,s
828127927,7866,180060625585217,3712,d,s
828718757,6908,347264294586197,5805,c,s
828897782,9853,675998624513,1831,b,s
830029991,6300,30146296684470,5752,d,s
830249065,7967,4.27292397470126E+018,3639,c,w
831371969,5898,4710063431708701,9977,a,s
831494976,9590,4342818611380654,9804,c,w
832681383,5300,6529723865000646,7257,d,w
833727333,542,676286497190,3714,a,s
833777753,3650,4272014509725416,597,c,s
833867891,4624,4018445840177892,9342,c,w
833887177,8628,377317171917050,8488,c,w
833997680,6878,4968900187708121,3931,d,s
834023650,667,180028051800772,3407,d,w
834996547,6774,4466277211867,8026,d,s
836537982,6929,2239028424994176,2136,c,w
837069861,5572,376826492888825,5290,b,s
837149638,8797,4.60837998339175E+018,6658,a,s
838277113,6313,3516779946525482,2765,c,w
838954718,3522,3573840359909553,3746,d,s
839735991,843,4538840562483711,3506,c,w
840188841,2957,2275705675215626,1012,c,w
840488269,7973,3549885281908216,7553,d,w
840625698,3907,3540077097039340,7868,a,w
842008069,4433,4221359371705174,3716,b,s
843165662,6649,180054869130483,2260,a,w
844809307,5451,6568001592514888,8130,a,s
845235168,7985,4.44861862251758E+018,4346,a,s
846506077,1631,4250903098024452,4239,c,s
846554212,4490,3506113310007160,8689,a,w
846680230,6480,4.54306499498184E+018,3796,d,w
849329639,1122,340097577516409,4029,d,s
849799641,7989,4535437519363527,5653,a,s
850304437,9807,30321858494408,4988,c,w
851470023,787,30282406855229,2956,d,w
851942618,7877,630413028675,4732,c,s
852017028,3703,4660630090425262,3611,a,w
852647440,1444,377671221064028,1512,b,s
854167771,3574,501817067306,9335,a,w
854194856,7884,6011481413806122,3125,b,s
855135535,5034,30468919129182,8411,c,s
857317868,1196,676304784439,7997,c,s
857466495,1560,180039616236196,4877,c,s
858110620,5936,572002128690,4640,c,w
858761159,2860,4.24642812912727E+018,7180,a,w
859640553,7227,676157430098,7159,d,s
859763285,9381,371439977466888,3307,d,w
860556664,2023,630460000411,4725,c,s
860999188,3249,180055595495173,216,b,w
861633745,4426,2654189195961889,4945,d,w
861686303,8953,6011853961769144,5633,c,s
862319052,8534,4.92502167818293E+018,9343,b,s
862471815,6881,3542192240384374,7805,b,s
862528866,4929,60417613225,2969,b,s
862595968,8508,3552435094109364,1448,c,w
863244469,7348,4.94666091153776E+018,2169,c,w
863627152,2376,3533083128789282,146,d,w
863891382,3304,6011633346634019,6179,a,w
863914648,6615,2569960885349674,2580,c,w
864008449,4494,572737813798,5878,a,s
864084978,5094,3563849311800455,7115,a,w
864539900,9543,30194312952653,3866,d,s
865795997,2221,4891354501543370,8472,d,w
865884226,8100,502016593084,1073,d,s
867573675,8650,4538739686207,799,a,w
867734660,8970,4792607610316297,5271,c,w
868031250,707,6548714716338050,3595,a,w
868117966,8778,4.70099405296533E+018,7981,b,w
868664513,4038,2231520397622345,1100,a,s
868993195,6263,5149808312483123,8281,c,w
869079965,5891,4180078073430183,3412,d,w
869187145,8490,6559938880451102,8291,b,s
869892132,5242,4166331751904,212,d,s
870136223,2588,3537699748205171,4435,c,w
870347947,1344,4768610612041822,4619,d,s
870966326,6660,30300274167145,9769,d,w
872525764,5835,30365312513741,1267,d,s
873044889,8746,3520259754604046,9565,c,s
874308426,9865,2255755536810929,4380,d,w
875054968,7640,213160119870975,7184,d,s
876510258,705,2704284335872912,1364,c,w
876761584,3860,3566200496523404,6672,a,s
877266656,9591,3517819012219229,1960,c,s
877453311,8913,36709992722920,6836,b,s
877847154,8815,4294361419454288,7693,c,w
880271782,4725,213122182783311,7176,b,w
880670406,4385,379652590543907,8784,c,s
880814382,1826,676138912859,4482,b,s
881524667,8045,6550235823631745,5389,a,w
882322477,6186,343628582039826,1291,c,w
882914479,1435,4322890695516697,1675,c,w
883164482,8366,4.42523780533467E+018,670,c,s
883619907,7432,3573896151342955,1349,a,s
883704439,9663,3591318138409821,6869,c,s
884538263,5916,3573863202138238,1641,b,s
885559735,9770,377327744980055,8406,d,s
889378982,9423,345460909936254,5615,d,w
890412577,2472,213179420269446,1634,c,w
891500525,8198,6011058164047211,539,b,w
894424956,3616,375375849631042,9937,a,w
896391019,9665,4.62537395508794E+018,2688,a,w
896452211,1373,213122962248162,7970,c,w
898022855,5088,30438135388540,570,d,s
898514382,3730,3563452468029125,8883,a,w
898712237,5595,4371087134954,1947,c,s
899180383,8333,4.03318225505855E+018,2345,a,w
900052491,7915,4147759029663793,9177,c,w
900842094,8352,4.5879398265644E+018,4556,c,s
901333411,9457,4798533859455,3905,b,s
901365718,1780,213116953933212,191,c,s
903472297,5218,3577363490803615,2474,b,w
903499995,1421,4.85040721644212E+018,7893,a,w
903854641,5393,2236199028339614,8516,b,s
903874224,6154,4.97052236799261E+018,4684,b,w
904365799,8770,676102844591,1301,a,w
905285464,848,4795019594402811,2808,b,w
905300671,3476,6539029383074438,9755,a,s
905339163,9480,180098478409986,2899,c,s
905663122,9995,3547293932160323,1909,d,s
905738853,7155,6011479620906156,5421,a,w
905995538,3341,3548083479252057,1342,b,s
906060724,4792,3532139334671093,4108,a,s
907091731,2638,6573510816510673,6839,c,s
907999228,4108,3574779317983350,5370,d,w
908108886,9978,6011108751018974,5538,d,w
908263508,6470,3581076581149516,1379,d,s
908445898,4851,4961434442470,6987,c,w
908961405,2395,3597768609653121,4653,c,s
909005465,9670,345423224804276,9134,c,s
913382905,1569,4647567917716978,7712,a,s
913883532,7076,213199615073684,1527,b,w
918153737,2570,180046644392586,8441,c,s
918698166,5701,3593786390299262,4094,b,s
918864126,8880,676229838161,2336,b,w
922406150,1259,3501917631938811,4363,d,w
924008791,2464,4085152099681321,3546,b,w
925017867,5998,6538423474894245,7351,c,s
926444424,7363,4386293096193,2126,a,w
927279941,615,60493010791,4105,b,s
927731127,1956,377359612665864,1655,b,s
928187952,8259,4.31878130207567E+018,9519,b,w
929024059,1370,503870254839,4841,d,w
929701723,9976,2271416886590096,674,c,w
931243211,8571,4.05679736906172E+018,2651,c,s
932373944,1603,577926267789,9433,b,w
932560578,2101,3527462909924466,7330,c,w
933073136,4431,3525674843789019,8879,d,s
933929658,8154,3510997958453866,2359,d,w
934583855,7368,375004638725423,8211,c,s
935654144,1944,2263284974769133,1832,d,w
937262691,5818,4315311580514027,6634,b,w
937571856,2841,30526321762443,6784,b,w
938180964,735,2257826063538551,4849,b,w
940114087,7232,372815308887810,3148,b,s
941747981,3944,4025335456136,3803,a,s
942158597,7206,372933116463110,8038,a,w
942511232,2184,4690353052491289,5903,d,w
942697339,7305,3547686792965998,921,d,s
943474534,795,6011886756217283,5421,d,w
944095546,5516,4244772841677463,3726,a,w
944882196,8552,30590732251883,3273,b,w
945217399,9561,30534855856748,7637,a,w
945645121,775,6543999480967979,8944,c,s
946790744,714,2241495643995696,828,a,s
946825292,7799,675923687908,8520,b,w
946879618,2336,3539664506847489,6222,a,s
947034690,1082,4655577328933111,2380,d,s
948396705,7073,3557567488818716,2983,a,w
949299854,4509,30445201463412,7949,c,w
949575567,4644,4447059991801,3059,a,w
951627307,3261,4370147875426747,3003,b,w
952262277,5535,3559989818703475,9137,d,w
952714437,857,3533152749233259,4382,c,w
953099287,6312,4465912287015412,4924,a,w
953169474,2752,4036682753684542,764,b,s
953315093,9925,4354940346209886,4918,a,s
953708776,2616,180094240738570,1198,a,w
953729038,7847,5542980876289130,7868,d,w
955820232,3349,4079115252758192,7763,d,w
956376727,583,4557048054709,3701,d,w
956513503,6898,5499352599567999,5015,c,s
957413368,7264,3503784305912128,905,d,s
958094429,6810,4.05729672974682E+018,9006,b,w
958609302,8198,30391659504002,391,b,s
959628750,1656,4.50645312366681E+018,5576,d,s
959806838,3471,30501549712488,4724,c,s
959965868,2310,4008454037442509,9011,b,s
960105642,7513,639088527903,1702,a,w
963202599,9038,4547105218255452,8138,c,s
964543488,3461,4238272777344426,2148,d,w
964726020,3499,4281730135772741,4169,c,s
965696033,1414,3516555946604695,8561,c,w
966341639,3278,4471837238132259,3263,d,s
966961772,5706,3528855681744458,142,d,s
968333037,5993,213171414442816,4256,d,w
968780610,2306,4419385164950737,2880,c,s
968795918,1972,4104767923163852,513,c,s
969007263,9519,4852775808421604,9730,c,w
969521024,8662,36550427657061,4034,c,w
970270519,9891,4.50204473618316E+018,3348,b,s
970724815,9986,180024134154907,2646,c,s
971117931,3756,4849005416922280,2583,a,s
971154265,2414,630441004284,7776,b,s
971408802,5535,4537651638820732,7706,a,s
971501969,9633,4681650980027056,3824,b,s
973187656,3586,3560680719504297,5342,d,s
973512471,4180,503825852935,2871,a,w
974523260,4637,4458620672478371,9000,d,w
975400281,5801,30526167850039,3375,d,w
975791934,8640,213129535836753,8283,b,s
976255289,2686,582264031466,5437,c,s
977445250,4012,676276787337,9616,d,w
977894269,3672,3568451660787261,3369,d,w
978100331,6162,4771634315255,5133,b,w
978662332,2709,3518466742377668,5387,d,w
978872917,1053,2241860121704821,7040,d,w
979034803,965,30575379871606,9881,b,s
980534824,1955,4329037532536651,2703,a,s
980734606,1794,503837114639,4177,d,w
981687065,2633,4.17158579280611E+018,8076,b,w
984945831,4551,4.81689966779653E+018,1827,b,s
985757779,8834,675976674241,6539,d,w
985869412,7777,4.19694370622994E+018,8552,a,w
986175067,9354,2267573849573969,5226,c,s
987153607,6834,4331568294994783,8946,c,w
988316702,9271,180035483822860,5277,d,s
989053214,2691,378808816117642,1861,b,s
989784059,1941,4.76599571485523E+018,9364,a,s
990227313,9795,630414587372,1292,d,w
990443536,1679,60424745655,2683,b,w
991149818,9606,4890511273120,3304,c,s
992355751,700,4044221996556264,1224,c,s
992891664,2248,6011201447232131,8583,c,s
992992536,3347,4.55780522630507E+018,2035,a,s
993346415,4143,6011090941695129,3618,a,w
995143242,1818,4185477331263,1622,d,s
996185955,9930,376297072861600,5612,d,w
997299467,742,4051696910227490,1242,d,w
1002505695,3841,340125240457782,2786,c,s
1002894600,3390,4.77998036063948E+018,7799,c,w
1003176441,5699,213106597766193,9692,c,s
1003211200,9311,3521489187639710,9309,b,w
1003797362,7468,180053635759575,269,b,s
1004837584,7457,180006656249843,3563,b,w
1005057889,9266,3543287070630703,8350,a,w
1005546746,7529,6011537885275854,155,a,s
1007875248,9737,340178242627712,1914,a,s
1010586936,5632,4194432613616153,4821,c,s
1011135066,4151,6011855111644457,8865,c,s
1014366001,4833,6586450486107796,4354,d,s
1015284468,509,4589634310708778,7971,c,s
1016288496,4206,6011901554702715,4206,c,w
1016448821,8386,3566119668655507,7521,c,s
1016461831,9484,4.93113626178143E+018,2228,d,w
1018668263,2711,6516922680383378,3257,d,w
1018911396,6036,4.351664867475E+018,9990,d,s
1019452459,2241,30101145062105,6866,b,s
1019708330,2028,4742764142719299,2320,d,s
1020120927,2493,3554285913261823,3707,d,s
1021971740,6555,3577635618071633,2618,b,s
1023133018,4096,4.46134126710907E+018,3431,d,s
1023869109,7697,30077331218778,9256,b,s
1024350134,8120,3529924957480426,7993,b,s
1025117555,7565,3512282395727992,1812,c,w
1025934729,1853,3577838842518698,5630,b,s
1026039350,5840,4883968618526687,4339,b,w
1028752127,9956,4871715232779869,4181,d,s
1029492324,6418,4.04977735102741E+018,7594,a,s
1030973928,8646,4.64527995419323E+018,9992,a,s
1031372116,6513,4472947840948890,8333,d,s
1032155537,4426,4.72436482045435E+018,9950,c,s
1032337711,2831,6011585861009441,6408,a,s
1033558864,6338,30490990277177,8497,a,w
1035713990,4632,30279904458928,2223,d,w
1036038938,2749,4195282333594027,530,b,w
1037240338,3609,4992201202324881,1825,b,w
1038331098,8080,6580560863191514,5350,d,s
1038689354,5995,5433685488821269,8471,c,s
1039143515,9201,6561787689086874,4795,a,w
1040228541,6551,213156797864462,2286,a,s
1040719849,1692,503828681653,988,d,s
1041132047,6250,630488097126,1143,d,w
1044747269,2821,213124671100973,979,c,w
1047323307,9413,6011867443844713,238,b,s
1047377668,5721,4.96520300819762E+018,5477,b,s
1047895360,2309,4601036148114761,8023,d,w
1048342834,552,180000422869885,8205,a,s
1049003016,821,4.99131542786121E+018,7713,a,w
1049442753,3515,4330754631163586,2138,a,s
1049469139,4449,30471288746032,3264,c,w
1049494495,4061,213166151508266,3474,d,w
1049583724,3998,349491035626317,8777,d,w
1050806835,1222,30333238620909,6911,c,w
1051424149,8949,4370078403084478,8158,a,w
1053232393,2203,4227771884694,4918,c,w
1053337582,8895,30357243352729,3465,b,s
1053971573,8466,6011274279997204,2065,a,s
1054518715,1411,4717040158534901,9904,c,s
1054761211,9942,6011913315705796,9269,c,w
1056622084,5620,3552320772329015,1093,b,w
1057631514,6005,4207827063014,3314,c,w
1059499178,3926,4.94693015427689E+018,6015,b,s
1059673149,3703,3502030347119236,7014,a,s
1060033976,7861,4514703688198,726,a,w
1060836247,840,4064236367928,9332,c,s
1061339727,2368,575253576897,3409,a,w
1062058101,3714,4989655271487207,9811,c,s
1062219882,3093,213138563966135,5193,d,w
1062462468,3338,6582203234989070,8812,b,s
1064808932,590,340757550517803,797,b,s
1065162317,3745,4163900872550872,5408,d,s
1066966759,8525,6011969519232029,8206,a,w
1069210167,1100,213147279849170,1703,d,s
1069487944,765,38257300410778,4919,c,w
1069500565,4951,4332547320098651,3826,d,s
1069793677,9414,6569182480294970,2900,d,s
1071133653,9177,575299761974,5686,a,w
1072463758,5428,586915729196,9249,b,w
1073011687,580,3518863878899327,9800,c,w
1073789055,1439,343150095936174,9088,a,s
1073981406,6018,6551138146774896,5051,c,w
1074492661,9514,180053663081157,9878,c,s
1075137714,4944,3579020929346313,6526,b,w
1076516802,6256,180008400594003,9768,a,w
1077012722,6727,6594090461218190,3771,a,s
1077315419,6722,2259798207365928,8113,c,s
1077839473,1212,30576306961429,3151,b,w
1078021466,7492,180028399522021,8310,b,w
1078471572,5190,180021888475603,6117,c,w
1080692426,9519,3508963785111253,3837,b,s
1084594838,7191,213124285802246,7978,c,s
1085707462,4664,4.40665529661457E+018,8227,b,w
1086839041,9745,3503610136684604,5334,a,w
1087373209,9547,4471053739082700,4774,c,s
1089258556,6254,4.55299434373483E+018,1835,a,w
1090565344,3027,180039289615692,7841,d,w
1090788447,3673,676116519411,453,c,w
1092031793,8139,4462268280110,8180,d,w
1092707030,6419,2280521233141110,9397,c,s
1093107446,4373,6560552373646289,2839,d,s
1093469220,1599,180011005235428,715,a,w
1094960199,5072,3548455456384410,3207,b,s
1095437973,4046,6517924588339022,6737,a,s
1095556035,5606,3591569575734317,1479,d,s
1096645809,9321,4092880245467085,9980,a,w
1096951172,9644,378152936821290,6700,b,w
1097283353,7538,3551384797233041,1290,b,w
1098413234,7849,30446274630192,4080,c,w
1098941651,8201,180047454102917,8777,a,w
1099831570,9028,502065348729,7050,a,w
1099854021,7854,349511395708734,8112,c,w
1101791471,3238,4.85393247871272E+018,4785,b,w
1102959611,1740,4079559152851401,7497,b,w
1105406699,4854,570775041876,5093,d,w
1105664814,9868,373990676022172,2939,a,w
1106566817,7985,38444063871392,9377,a,s
1108620565,8787,372209316856704,6231,d,w
1110533365,9272,4.76111836168781E+018,2805,d,w
1110984129,8828,3591345579822303,1230,d,w
1111329396,4119,4112322795231831,3435,d,w
1111650337,8061,4632268818963135,4141,a,w
1111771935,8006,5246468899551198,5307,c,w
1113049462,8524,373236563980134,3447,b,w
1113655583,3117,4.38576912089227E+018,7073,c,s
1115003515,1044,4927139653865608,1912,d,s
1117218797,9022,4.41714338891297E+018,326,d,s
1117726027,1602,373368588921940,8500,d,w
1118232277,5885,3532042529431473,189,b,w
1118579757,5026,4951974471658,484,a,s
1118672579,5428,4837182323180080,9410,c,w
1119896545,9656,4994037066946890,4370,d,s
1120039341,1056,4738308994277,1914,a,w
1121854510,7165,180043729753329,5173,c,s
1122497435,8577,6540127896025876,2414,b,w
1122936767,8179,676187985244,944,d,w
1123054666,5961,5296665795209263,8414,a,w
1124108186,7870,3528587975359962,6879,d,s
1124804255,2922,6578346490774813,3549,c,w
1125137151,2155,38951724793153,3042,c,w
1126204822,2235,6011941805868766,197,a,w
1128101890,4941,4015482171176303,6168,b,s
1128133467,6318,375791719163835,6579,d,s
1128183688,9292,345336473571174,7515,d,w
1128679288,5987,30444676184025,1665,c,s
1128810970,883,568815410994,7948,c,w
1129012370,7501,2231078062324614,8724,a,w
1129611731,6577,347687540326044,6976,a,w
1130279939,6899,3537115459412229,7504,a,w
1131604444,7185,4697524996120431,8497,c,s
1131851986,8933,4.43677140105458E+018,8795,d,s
1132414284,835,213141379253300,6615,d,w
1132611502,2950,4176840832511603,2519,a,w
1133514497,9822,3564374145194859,4770,a,w
1134005596,7860,4.77767528557326E+018,5575,c,s
1135931763,1080,2262728121075555,3149,c,s
1135975388,9236,2281390368086394,1550,d,w
1136305220,1631,6011939766180981,7152,c,w
1136358334,5342,4999744417831185,1223,d,s
1137374647,6671,30497589977463,9507,a,w
1137379967,9175,3539419030695635,9550,d,s
1138315331,4945,3584422913097915,7536,d,w
1138531935,6237,180053567904439,670,b,w
1138684448,3275,3531176320010762,8851,a,s
1141829668,792,565336187630,5914,a,s
1143831707,6359,4.45562629969317E+018,6127,a,s
1145088844,780,4.15824923919292E+018,1199,a,s
1145200615,924,4918137700205191,8100,b,s
1145568538,4383,2665469963255491,5902,d,s
1145656535,728,346291463304434,1642,b,s
1148738289,2502,4885211038419581,6777,b,s
1148862421,2883,342987831839837,2380,b,s
1148876870,6747,4311784355163,3937,a,s
1149307154,6148,579176380841,514,a,s
1149570664,6664,4.982577956589E+018,4622,c,w
1149595785,1089,4267799357237210,7800,a,w
1150201927,659,4607602290322504,6992,a,s
1150332634,7910,2569853883084841,5376,d,s
1150570116,3391,4.04707206995041E+018,9972,c,s
1150813441,6803,180088707218811,1884,b,s
1150930468,4543,4788363806494,2549,b,w
1151238631,1761,502035986467,5615,a,s
1152011493,2556,3570513905022378,7683,d,s
1152799858,4651,2294770174410919,2160,c,s
1153061150,507,3532470480373923,6959,d,w
1154286930,2166,502064569044,577,a,s
1157490746,6626,3521712412760328,5248,d,w
1157769939,5416,4825042441730162,2990,a,s
1158046612,3873,4433026817105525,230,d,w
1158846075,9280,6011764932111904,8394,c,s
1158991305,3025,4169409963369,5392,a,w
1159141349,7821,36708182007399,2322,a,s
1159448704,3895,3570080774345710,8995,a,s
1159482789,1895,4845770774976673,3757,b,w
1160147294,7424,2239000337527021,1725,b,s
1161573360,4600,676169615116,8992,c,s
1161695531,1015,4169731955120505,4169,d,s
1164415346,9233,2703431481815390,9217,d,w
1164613447,8696,4166181621794015,9955,a,w
1165222498,6834,6011806187248087,7890,b,s
1165536441,7271,30368508636029,6971,b,w
1166006296,8327,4783969302992483,3442,d,s
1167071827,4583,4.71825435512449E+018,1878,b,w
1167228825,9307,676165904951,8616,d,s
1168534367,9573,3522897400196764,6934,d,w
1168669815,2679,2700909166448796,9858,d,w
1168958392,9422,4.88970917812916E+018,5136,c,s
1169044999,5328,345040735695249,9214,c,w
1169215221,6759,180017441842354,5298,b,w
1169356987,7594,4341193257160914,832,b,s
1169444775,7726,4216101025741859,2870,c,w
1170403901,5154,3596492827420871,8941,b,s
1172566307,3199,3505875339062043,1227,b,s
1174275805,5665,4299039771935061,3810,b,w
1175168715,4706,30459975649759,4661,a,w
1175532264,2545,6011985123794451,1885,a,s
1176485640,4732,30550250165659,7688,b,s
1176823744,4945,30100903359208,6940,a,w
1176940672,5131,30479727804999,5503,a,w
1178209516,2613,38082639535677,5895,c,s
1178426017,3184,4597851646385580,6657,d,w
1180022257,9811,4011427263093,5096,b,w
1180942082,6030,6529131861226902,7607,a,w
1182798503,4773,4301093977132656,2365,d,s
1182874134,6665,348525752876851,1988,b,s
1183260797,1165,4945205295787,1516,b,w
1183261998,3568,639060600405,3956,a,w
1183767542,3090,5445901438302540,3569,d,s
1184279151,7565,3546413002633592,3294,c,s
1184636718,5347,4456644751786,4035,b,s
1184702690,8090,3575956310762762,9974,b,w
1184862291,5884,213199362830179,8286,a,w
1185495104,4302,4675402795681,624,a,s
1186050950,8127,4262060548573467,5849,c,w
1186320579,791,4.47840732193471E+018,3446,c,s
1187169621,8249,6513831330047890,7571,c,s
1187608995,621,4241772409773,1264,d,w
1189225085,8071,3533314784547221,2200,d,w
1190007662,7661,639049804193,3977,d,s
1190130640,7263,4968452639602775,4510,c,w
1192529388,5419,180063048220131,2965,a,w
1193426243,6940,30593065354324,186,b,s
1193714761,7599,6011649541327399,6807,b,w
1194691231,7181,4335596436652833,8717,d,s
1195922421,4376,4765119557800344,7544,c,s
1196742034,7986,3567657541427783,8330,a,s
1196932081,5199,4683620446913,7047,a,s
1196980637,2168,4502447875544,6579,a,w
1198031593,9305,3513512508809983,9310,b,w
1198365116,2379,3504798777196787,9055,a,w
1199165327,4413,30305376213796,4403,b,w
1199473184,6861,6570552781085391,5526,c,s
1199775800,3122,2509552581409788,2356,c,s
1200407696,8364,4.62568193639983E+018,1584,b,w
1200477122,7677,4878445722127485,4019,a,w
1200845270,1806,3598626355572334,6679,c,s
1201421205,2627,213101602293200,2970,a,w
1201643809,3647,180029345047709,7373,b,w
1202230710,3699,213106097178790,9103,b,s
1203323678,8920,377892798925009,2028,c,s
1203359742,8249,4204703980487214,1180,b,s
1203600068,3097,4430931951722,2386,a,s
1204147740,8608,4475716097750045,7466,d,s
1204284634,7505,371161988643327,4872,c,w
1205345256,4919,213102679088234,874,c,s
1205900281,5467,3585041388554454,7193,c,w
1206037355,9920,4293890357301318,511,d,s
1206291999,3246,4370509448899009,4566,d,w
1207402813,9095,371641328411105,9348,b,s
1207796288,5452,180036084551155,2673,b,s
1208130897,1767,4930126333305,6718,c,w
1208335914,7819,36852392277382,8214,c,s
1211129722,5515,30377236162521,4851,a,s
1212173851,8173,3551992422321302,797,a,w
1212339859,7093,502018240734,9261,b,w
1213146894,4147,349728586950947,7425,c,w
1213498114,5466,3562303655434167,1878,d,w
1214145125,3312,6011646903375123,6897,d,w
1218191595,4299,180070922843631,8925,d,s
1218651156,9001,676187124554,4104,d,w
1221481203,7785,4235509875141441,1367,c,w
1222820924,2393,3510454757421850,8639,b,s
1224291099,9692,180009496960405,8870,a,s
1224914026,7314,582807097834,8012,c,w
1226025995,670,588863174680,2607,b,w
1226350551,1106,4696119683341,3182,b,s
1228503318,1110,213185640486389,8081,d,s
1229510730,4922,30502892252155,1879,d,s
1230407790,7805,370014748177154,6338,a,w
1231729640,2968,3515411860557587,2062,a,s
1235157072,2453,3595727757718534,7765,c,s
1235771788,4698,4105035358617282,5708,c,s
1236164003,2890,3501678696326603,1325,a,w
1236219215,7033,4157120912339123,9905,d,w
1236663235,2023,4485169170965510,5428,c,w
1236959146,5629,180039211496641,5956,d,s
1237448412,2389,501883071679,6044,b,s
1237814684,6648,2270152561427301,401,b,s
1239446021,3107,3588530063965305,1427,a,w
1242757810,7898,3536593129844685,4986,a,s
1243034231,7545,3510438868964007,7723,d,s
1243137547,6356,4744282760130,3227,c,s
1243242225,2083,4049360410912698,5135,c,w
1243280380,5809,3561589738684049,6254,b,w
1244245039,2703,371927343313511,8136,a,w
1245596468,5516,3523408833582924,8215,a,s
1246092789,5403,4.54725824230755E+018,6041,b,s
1248320520,9145,3562152756041664,7398,c,w
1248838194,8474,4976564591506412,7378,a,w
1249455891,3220,2298919782712168,5693,d,w
1250325922,8557,4891368042862859,5001,a,s
1250631860,6439,6528114448160258,229,d,s
1250757030,8584,30083602180242,6991,b,w
1250868624,4915,4707736080962605,2599,a,s
1252098850,3592,180016709360471,4427,c,s
1252904980,7537,3566368863398013,5378,b,s
1254167524,5547,5128248627454185,3528,a,s
1254309715,3793,4739921264395,2661,b,s
1255672430,6529,30293878466213,8774,c,w
1255874693,4224,4626020519844389,8086,b,w
1256169692,7572,4121915989410068,6600,c,w
1256916606,4050,502051722234,8928,b,s
1257189552,8647,372576438506205,1424,a,w
1259043931,5229,4.01670134875778E+018,1525,d,w
1260049971,8648,6526887725942769,633,b,w
1261582053,2932,180013879257892,4029,c,w
1262628767,3432,4208330191604365,8940,c,w
1263389307,5374,180079675126185,9247,a,w
1264502958,2877,376892945847263,1878,a,w
1264589557,8413,3582410336212908,315,b,w
1265650703,2780,180083053676183,9047,b,s
1265960371,924,6011984520041640,6497,b,s
1266136941,545,2416529634368395,2853,a,s
1266570089,8070,3527142337399701,2772,c,w
1267150939,5000,30181113260139,8630,a,s
1269148020,4496,36650002226611,3589,a,s
1270076974,1272,30080404535433,7649,c,s
1270444523,1324,4.93521049664293E+018,5531,b,w
1270734668,4193,4180134932447,825,b,s
1271015833,3346,4533600976704,8168,b,w
1271581687,6009,4118511525459,4255,d,s
1272364675,4958,30194278258905,6574,d,w
1273011868,9934,36629988774943,8189,a,s
1273332593,1499,4359830361849572,3396,c,w
1273376391,1580,342725390049681,3636,b,w
1273412847,4144,3593346430194229,4718,b,w
1274183489,4138,4284089974311898,6969,a,w
1277206278,4362,6546194660113019,3847,a,s
1277717482,2574,3500129766302232,7333,a,s
1278031909,9122,4.48595818787117E+018,6269,a,s
1279133714,4059,341282741747804,6966,c,w
1279779726,1441,4.48156964361091E+018,963,a,w
1279870175,1241,4778374101691153,900,a,s
1280322257,3468,502033112124,3219,b,s
1282000292,1928,374813615250796,5833,c,w
1283288739,2671,344775347979454,2225,b,w
1284360238,933,4375899817151,1013,d,s
1285695484,4829,3513016315178244,6292,c,w
1286119148,1663,3595433222601294,1607,a,s
1286323750,3827,5422766330019378,7926,b,w
1286613523,9488,4323730151306275,9677,d,s
1288404781,9277,213139192841590,531,d,s
1288550283,2311,6011355234941815,8237,d,s
1288897881,9536,6579230118982819,9298,c,w
1289243593,635,4291888238814,4894,c,w
1289330141,9246,675972757321,7737,d,w
1289629608,3925,180085217585465,6426,b,w
1291108580,4484,4.12134349298879E+018,1195,b,s
1292154839,1616,371443494538708,4578,b,s
1293462221,2323,4411855645894157,2798,d,w
1294053773,8398,676361688150,5595,a,s
1294478518,7614,4003832902191175,5350,d,s
1296321042,8606,3525930736764521,3532,a,w
1296785754,7524,4504107293596,3919,c,w
1296900618,9466,6523020177732651,3352,b,s
1297129071,9580,3543517948828562,379,b,s
1300457789,1293,3565568050853974,409,d,s
1300502226,2812,30091828078967,7894,b,w
1301939712,1813,6559917883988260,3783,c,w
1302267221,3274,561220785027,5160,d,s
1308277737,9760,4777126694201563,1663,c,w
1310929245,3095,3590647578971051,9002,a,w
1311316177,6528,2276384042340142,4360,d,s
1313284173,8261,2720677937067841,1626,c,s
1313916448,4966,4.86473200022607E+018,8580,c,w
1315061525,2823,4886842012575,8208,d,s
1315537474,7902,4.08626504641146E+018,9808,b,s
1315606475,1727,4858676988209146,2823,b,s
1315667473,5322,3596360836194003,1122,a,w
1317048441,4502,3576759493378086,8010,a,w
1317295675,2335,4278229343427771,9327,d,s
1317469502,886,343377141692937,3967,b,s
1318240166,4057,30509085575870,5841,c,w
1318368730,4941,4.06836988100774E+018,1549,d,s
1319179746,3073,3519442314602469,1333,d,s
1320753254,9244,3502472022202517,7568,d,s
1320846771,1864,345530995292216,8966,d,w
1321775343,3803,4984051067826466,9614,a,s
1324511822,2055,36383209628211,3847,c,s
1324996337,6359,213155474705436,805,a,s
1325097592,2490,4637513938666703,5594,b,w
1326404988,7188,503853546722,2569,a,s
1326588793,3855,4354339609943697,3688,a,s
1327396251,4921,4566998721724949,5289,d,s
1328211940,9808,36603046691738,8987,d,s
1329649125,9710,4752354444646114,9617,a,w
1329786875,2823,2244405185984906,5533,d,s
1330817063,959,4196241985438759,1342,c,w
1330963475,7999,4701714671130201,4070,d,w
1333316378,9606,4425015819914182,721,c,s
1333855482,8807,4213695015821,5103,c,w
1334277027,7346,676299603172,8449,a,w
1334886274,7687,30485590986441,6593,c,s
1335589784,2146,4543561086878722,1301,d,w
1335924457,9957,4608038460248,6912,d,s
1338447015,1141,6011377660255098,9618,d,w
1339300161,7661,4658741647097902,1552,b,w
1339623214,2374,4443473354992865,4903,c,s
1340038142,7027,4800777650162776,9382,d,s
1340048318,744,3525267800167905,2282,c,w
1340075109,8201,180048145200771,6447,a,w
1340195141,680,6525912929723731,8898,d,w
1341994386,3784,4700306394418962,9972,b,w
1343135671,852,379814843441582,345,a,s
1343442959,8867,3552443097381436,5181,d,w
1343905184,3626,4.2631249075421E+018,1271,c,s
1344392816,4045,3522636735339842,9781,c,s
1344580298,9624,6584726017964587,4879,d,w
1346992442,5525,180092084718062,9893,d,w
1348925171,8572,38892485524330,9308,d,s
1349693434,3276,630484225150,6164,c,s
1349885571,6530,565133389660,5980,d,w
1350400596,5507,379257817368235,8260,a,s
1350983577,9305,6524404550536526,1579,c,w
1351611848,6462,375725495805839,6911,b,w
1354773260,705,4411564533227,4807,c,w
1357151797,4810,345377168945422,7629,a,s
1357795418,6223,2480266906741147,2480,c,s
1358024882,5231,2687618918244224,1883,b,w
1358191667,7672,2291004417691876,7540,b,w
1359042013,3521,4906725736304,3199,a,s
1359357178,4633,630488771134,5861,b,s
1359942911,3171,4.11808644240974E+018,316,a,w
1360653445,2555,4543549976705956,8566,d,s
1361435792,8340,3552806956706986,4361,d,s
1361537313,897,3561740980520551,2141,c,s
1363124931,3302,6528649981334653,293,a,w
1364234117,1245,3583688147865076,9086,c,s
1364879291,3879,213188808110338,5744,a,w
1367551271,6042,180015250927175,6660,d,s
1367737980,6157,342643034629232,6735,d,s
1368198489,809,3579877737799185,6554,a,s
1368217143,5084,4824875134085761,8611,a,s
1368694050,4637,2284961352404848,9125,a,s
1368851420,3811,3548812085773746,8590,b,s
1368885762,4802,30030684059513,9512,c,w
1369738885,6200,213127523689424,6326,b,s
1370653179,5083,3501992951837075,4282,a,w
1371309510,4184,4988885994381715,3926,b,s
1373089635,2833,4905242016109,4741,b,w
1373674564,2282,5420756141349868,8199,a,w
1373705481,797,3535467514869113,1723,b,w
1373786587,4664,5504829306561525,8116,a,w
1373932034,2776,30495609825852,1562,c,w
1374028186,6004,4.74277806023988E+018,4578,c,w
1376376250,1191,4569553124132,5733,a,w
1376907555,4877,4.44583370329492E+018,5760,d,w
1378544459,1645,36324443950276,3305,a,w
1378780567,1829,3539557313330287,4814,a,w
1378968685,645,4085073662607685,626,d,s
1379202111,2362,374126182476417,4266,a,w
1379571986,7978,3512961940938465,338,a,s
1379921827,4517,4147027069033,7252,d,s
1381016832,3553,38703101439284,3868,c,s
1382076794,7881,3552994657258018,6072,c,s
1384553587,6347,3535154179637767,9340,a,s
1385059730,4780,4608350942534,4112,a,s
1385099353,9305,4131846122462,1929,d,s
1388031400,3955,6597087864891760,7518,b,w
1388817061,9507,349534724046949,3979,a,w
1389404964,9138,3527420130034042,1131,d,s
1389884862,7022,344580147914515,9171,d,w
1391908412,5590,4995385621016652,4109,a,w
1394329998,6666,180020174698100,8944,d,w
1394407828,2504,4376249675688965,9349,d,w
1395716822,8163,4387180230797404,5879,c,s
1396915046,1162,4394228386820867,3448,d,s
1397072415,9398,4809658584216121,1668,c,s
1397239557,7619,502042837521,7387,a,w
1397554263,1901,4935001822152195,9163,c,w
1398721437,1741,3538669473389275,2349,a,w
1399183707,8885,4.49454763302245E+018,3922,b,w
1399710128,1879,3515863588366156,8577,c,w
1401710227,5826,4.41733654814898E+018,3498,a,w
1402865063,1809,4727239052131,5393,c,w
1404610369,3923,4591507123598,9126,a,s
1405003292,6974,676288836114,2695,b,s
1405388226,2696,378057240737506,7686,a,w
1405547790,7575,4618371664868693,1224,c,s
1406781122,8079,4360018562649,3128,d,s
1407229340,6091,3514082168010503,4252,a,w
1407276562,3218,30165510190213,3293,a,s
1407373655,1701,2720542448570628,676,c,s
1407997913,4217,2291895263391135,3711,d,w
1410268445,8155,180062024500466,9945,d,s
1411100572,657,4578089588340130,3832,a,s
1412013461,1933,4263924161880310,6527,a,w
1412256928,8811,5152971763351548,7458,d,s
1413472977,3524,3542937917376834,7683,b,s
1414927377,655,180017242573703,9065,a,s
1415895145,8932,4.4719607346098E+018,1902,b,w
1416214277,5920,340850116860690,8874,a,w
1419511898,4030,576795376515,6036,d,w
1419570960,3285,4.2630602394E+018,8164,c,s
1419646239,7141,3534345247408618,5467,d,w
1420032256,8719,213127274692221,902,c,s
1420832377,4271,4801335038220763,5086,d,s
1423286876,3320,4199424364848,2557,a,s
1424672857,9090,341562232448149,3943,c,w
1425303320,910,343493147095999,9828,a,s
1425821375,9462,3533532540833557,2299,a,w
1427778739,4075,4751247922266390,2624,b,w
1429189786,1812,377601049458763,7580,a,s
1429479680,6218,2628287012701026,9274,d,s
1429492182,7958,6520064367784109,6434,d,s
1431270258,3197,3570079160193015,6167,b,s
1432752451,3155,5382096458670945,1039,a,w
1434326779,7892,4275847040037818,6504,a,s
1435768934,9154,4.19733347656836E+018,7002,a,s
1436497942,6278,213117143329584,5784,b,s
1436630446,3488,60436526945,1682,c,s
1436981238,9624,4.76264845311008E+018,7929,a,w
1437568626,2043,3520517433280839,9111,c,s
1439597127,6363,4377555127082311,6703,a,s
1440727182,8905,3538257178277159,7550,a,s
1441115293,5181,4.1558098814784E+018,5714,b,s
1443950765,5406,503838495821,4280,a,w
1444038660,702,676145120769,2283,a,w
1446828446,8823,576099980285,3501,b,w
1447160421,2342,2275052588039110,1191,d,w
1448176068,4576,4967495615605933,9051,c,s
1449418629,9891,4982305658223505,1233,d,w
1449422012,8592,4896157750712629,2809,d,w
1451948882,9574,377462327809783,6280,d,s
1452014121,7255,4841754737420,8701,d,s
1452286879,3689,3523331458841351,6297,a,s
1452574150,4877,3556630902963582,4501,b,w
1453479731,8894,4656719224226070,8213,c,s
1454772127,3151,4309941868714,1822,c,w
1455955791,9202,344533090018560,4134,b,w
1458124040,8843,4368098502856,7074,c,w
1458631563,6465,3553305703340982,2669,b,s
1460031508,8250,3541245920935591,3135,b,w
1460534927,946,6011169497975158,2298,d,w
1461542136,2427,30484715474763,4420,b,s
1461766835,6025,4081624297998438,5985,c,w
1462031169,3259,2710130201800036,5863,d,w
1463472089,4966,4218088340470,3561,d,s
1463734306,6533,5338183774640326,404,a,w
1463848080,8677,60411534807,5374,c,s
1464869386,6208,4936699438686,7614,d,w
1465496476,2127,375048998625582,3214,d,s
1466204683,5181,6599532038739039,8686,b,w
1466229688,5481,4.84812856869267E+018,9429,d,w
1467596664,3712,3581493631099643,7281,b,w
1468423838,9162,6545257541863127,5224,c,w
1468715376,2358,4235200335241514,2892,d,s
1468915276,9113,30484018424630,8783,b,w
1470258521,7036,374630127235408,9543,d,w
1472313843,2817,4.73374958881115E+018,2501,c,s
1473564176,2472,563499172788,4414,c,w
1473906208,2148,344347556217537,8124,d,w
1475310834,9662,4591585125112216,9880,b,s
1477839001,4442,4360583877133,7433,d,w
1478188812,3097,4282687468085043,9959,d,w
1478675845,7552,4.28086070071732E+018,7415,d,s
1479129078,2347,3505550872440167,3925,a,s
1480185716,2615,4184561194471968,6749,a,w
1482246419,4121,180095589589995,4988,c,s
1483047338,7846,36349723708326,3727,a,w
1484898924,3575,4141039444813,8862,c,w
1486423038,5011,213189607400623,9373,c,s
1487413893,4454,4619070474961800,8330,c,w
1487420393,3895,4.26164510911884E+018,5619,a,s
1487889566,5344,4672887572776,6187,c,w
1488734927,3571,213176078822609,9649,b,w
1489815974,1744,3560602251760137,4169,a,w
1490232415,2940,3560705443661640,6580,a,s
1490461526,7333,4198083692741192,1752,b,w
1491536072,6869,3526789244612849,7515,d,s
1492882736,5341,2495504933942509,609,b,s
1493153383,4683,4222356713657,241,c,w
1494545883,4132,4761460993499,3485,d,w
1494796761,7545,4697660296855258,7252,d,s
1495023543,5538,3500691078113185,123,d,s
1495032922,5817,30336196268850,7672,d,s
1495223627,9035,5351435157027410,2501,b,w
1498283697,8417,180099253905354,2760,d,s
1499126361,5657,3553603890038017,605,a,w
1500070686,1548,213136717626084,7918,c,s
1501593483,6335,5427739452546416,6674,c,w
1501678552,4412,4492879708183912,3208,d,s
1501684369,4957,30117145232241,7047,a,s
1502314985,7428,5220558901689851,1705,b,w
1505519240,9359,180041424940142,4728,c,w
1505774164,4341,6011144317115723,6404,a,w
1507552228,2079,341191421906400,4450,c,w
1507568833,3045,3593559868273956,5253,c,s
1507726526,4254,6011072158405160,2032,d,s
1508197282,9105,4274416632492,4756,a,w
1509287727,3493,30206643802785,2540,b,s
1509574874,3703,4.31368282925717E+018,3087,a,w
1509730854,6972,4386698009301943,5296,c,w
1510280435,4268,30120189520729,2696,c,s
1511095797,6280,6513550429549943,1746,d,s
1512677341,1875,4.45871424862355E+018,1258,a,s
1512806377,807,3504371211544630,7682,b,w
1513273932,4339,6011095766295004,3479,a,s
1513447105,8767,36900200380169,7252,d,s
1513809103,1453,6523239455464254,7950,b,w
1515274056,5786,4203907495190343,8953,d,w
1515634059,1095,675999455511,6331,a,w
1515844776,6729,36821331353604,2351,c,s
1515917867,4062,4787572636135864,2553,d,w
1517234718,9836,3500336935220845,3317,c,w
1517729790,765,4.8761662478004E+018,3045,c,s
1517754243,5939,4794414417976,4534,b,w
1518114529,3252,4871070819653933,6548,a,s
1518468618,9570,4006355963108349,5831,a,s
1518970674,1376,6586342839379588,7235,c,w
1519169773,9188,5452205029415558,1795,b,s
1520268589,7857,3562304518784715,9533,d,s
1520373545,7181,3505282386145641,2143,b,s
1520531575,9097,675917356171,8078,d,s
1523328265,8822,4675924982016682,9515,a,w
1523456112,1820,372853680184951,5361,b,w
1524123579,2915,60438011375,7161,a,s
1526988432,1990,3560443290704566,6149,a,w
1527614714,3713,60486304367,1731,b,s
1528256776,7069,377884835856719,7304,c,w
1528914669,2757,4014147610701406,6992,c,s
1529314127,8615,4192658585261,1870,b,s
1530728086,4088,4354154441560280,4481,b,w
1531203509,1574,4298294751619380,2476,b,s
1531463058,1455,5129437863523493,2277,d,w
1533341940,4266,372971211009016,2532,c,w
1533450739,2972,4.51994415199997E+018,781,b,w
1533837404,4467,374774693256164,2483,a,w
1533945512,3325,213107056034388,8558,d,w
1533961607,6014,3556895942333027,7707,d,s
1537871260,1947,3575810568404959,9537,b,s
1538052586,810,4375402294925638,2545,c,s
1539326560,3618,180028358397050,4380,b,w
1539883816,6475,4.5132200018656E+018,9056,c,w
1539940014,8618,376031309600329,8179,d,s
1540694882,4696,180009335290378,831,a,w
1542867663,5664,4453233594263,353,a,w
1544285909,1689,4096935674915,1215,d,w
1545222952,3138,4.49996318959913E+018,7956,d,w
1546543600,9991,2382575419177857,6295,b,s
1546814257,6175,30589949260497,3508,d,s
1547056144,9373,3589528732490068,7605,d,w
1548825119,9304,213126239783604,9566,c,w
1548868972,1930,6583753938900590,1962,a,w
1551125376,8730,4.87963679393167E+018,1590,a,s
1551162486,7598,375808083686264,5886,a,s
1551543174,3477,3555843941287811,6000,d,s
1552060359,2643,675925427105,1882,c,w
1552197073,4757,6011075471394813,2162,a,w
1555333901,8752,4279640053853387,3269,c,w
1556116345,7687,6575936589419404,9538,c,w
1556620228,6225,2326782977428701,7840,a,s
1558228324,8141,4.66786766310763E+018,9763,a,s
1558238664,1477,2340625220855315,9567,a,w
1559107849,9273,348365746882677,4830,d,w
1559626599,1844,344471623955950,257,a,s
1562175468,6995,4760205063279,7449,d,s
1562716293,2142,3560632008983641,4002,d,s
1563340051,2087,3569137013934564,1341,c,s
1564334819,8090,375017142042986,5347,b,s
1565093753,1994,30003076381662,991,a,s
1565943094,8379,6527738114724236,7237,a,s
1565965427,4131,3553206502460817,286,d,w
1566318067,2571,4679138395246,8542,b,s
1567073911,3601,30450564804525,3930,a,s
1567391214,6686,571709870026,2830,b,s
1567666078,4356,4808589039124,5662,c,s
1568558232,5850,4.00252034480958E+018,4439,d,s
1568998277,3771,4090042607975,9867,b,s
1570873221,2930,3532334107911715,9570,a,s
1571904453,6704,372727800571471,2306,c,s
1572553504,6550,3562080025712130,2800,a,s
1573201946,4684,3532381703986831,3979,c,w
1573462374,8707,4.92513862114974E+018,5583,c,w
1573804741,2709,4353840954944,3211,a,w
1574268112,7526,4905965430449340,2601,b,w
1576060651,2628,4708045136082221,976,c,w
1576598882,3336,6011145247340893,6320,c,s
1576990834,6470,30152323882889,6501,c,w
1577029863,6097,346082860784736,5514,a,w
1577693724,9090,213162782987102,8467,a,s
1577765053,9473,4951974088346,6691,a,s
1578862965,8385,213101718848699,795,b,w
1579453922,1190,2282500651294609,9389,c,s
1580235766,9906,676205965467,1869,c,w
1580621712,8082,3576737505815568,5077,a,s
1581425374,4949,213150198489995,4329,a,w
1581532191,8249,2483662887276292,7701,d,s
1583809398,1956,6011384266247727,7002,b,s
1584372383,3229,6525884700969140,2766,d,s
1584390872,1468,379195441286227,6298,b,s
1585923762,2848,60494941515,4116,b,s
1587239707,5504,4294819216274936,2910,d,s
1588039176,3037,3543938293161682,1120,d,w
1588650352,3471,30501410150115,5158,b,s
1589200506,6511,3524649813123697,9295,d,w
1589818431,1722,4642587997032539,559,a,s
1591538105,6701,180027587738274,8096,a,w
1592138551,3739,30212927279054,9298,b,w
1592187876,4705,370834952831356,7558,a,w
1593085700,5468,5226853321263963,3787,c,s
1593588450,3579,4522423077165251,6801,d,w
1594322444,5823,38966664444740,7853,b,w
1594568529,3449,3522755170391876,5823,b,s
1595836039,4317,180091254999981,6935,b,s
1595848876,2901,3523891497987283,9455,b,s
1597075901,859,341303217838800,2699,a,w
1597359525,4220,4674944760758,7257,c,w
1599608879,7613,3575052298272782,1440,b,s
1599893659,3379,4256745581557,3881,d,w
1600237806,8052,213118774487832,3989,a,s
1600465649,800,3549388909538168,4846,c,w
1602748027,5727,4014091079579913,4419,c,w
1603773657,8376,2270149475946293,9863,b,w
1603877062,1654,4154651524565625,126,c,w
1603992935,8655,3550944719870112,7017,a,s
1604599062,4934,4.85698913161808E+018,5380,d,s
1604652160,9031,3546860989270949,7406,b,s
1605339468,9241,349839832574991,766,c,w
1606368458,4767,584613766875,4301,a,w
1607066522,9956,4.61307183605979E+018,8998,c,w
1607684878,8179,180035410050361,2321,a,s
1607929054,3308,4526313856823970,7507,c,w
1610670987,2297,4203081522159,5883,b,w
1611107683,3302,6011263522345279,5575,b,s
1611311544,6596,3504786464950186,8340,b,w
1611809483,4067,6011038385506245,7793,b,s
1613798882,5858,2496707188201369,3224,d,s
1615715529,1818,4.66002357857033E+018,2957,d,s
1615729961,5800,3570686176903367,6844,b,w
1615798040,7294,180092928533198,9831,b,w
1616237978,5788,4273716237583888,5294,d,s
1616859511,4806,675954238795,165,a,w
1617207461,9563,374011382731797,6937,b,w
1617305543,4914,4731264473436,923,d,s
1618412260,5906,4158819595382,9384,a,s
1619187052,3341,377543034584577,3030,b,s
1620654961,6867,4532453338522873,8953,c,s
1621410418,4132,180037509443994,7743,c,s
1622446718,8192,4.36484810029349E+018,8779,a,s
1623002435,8934,630494513801,2098,d,s
1623224529,2075,180044431468024,1730,d,w
1623560795,1996,379438243234908,157,b,s
1624332174,7096,4253386901236,1428,b,s
1624732969,7232,3562491491578626,2451,d,w
1625181002,9603,6011017441871942,5451,c,s
1625942794,4066,30442952735528,5806,d,w
1626159793,1778,3508248603509213,9270,c,s
1627289003,566,30053039996254,1272,c,s
1628017309,1166,4253323520180,3323,d,w
1628817525,4735,3550713068295118,7075,a,s
1630213423,849,501894233417,8636,c,s
1631545570,9336,4308845962886452,7246,a,w
1632595588,7460,4080345731385328,4511,d,w
1633795055,5342,370650124216320,7858,d,w
1634184897,3692,4.52182295210658E+018,298,d,w
1635043964,2946,4.94392304075936E+018,402,a,w
1636803900,6956,30545149691832,7082,d,w
1638586085,9885,4031053138846211,4826,c,s
1639441954,7806,6011361390227171,1138,a,w
1640176908,8801,569545840997,9931,d,w
1641871391,7374,30505855663540,4938,d,w
1642378709,3573,4537346322142721,9172,c,w
1642690077,9598,4914386163286941,6411,d,s
1642926831,1066,4725922942820821,3472,b,s
1644613311,7662,5552332328945769,2191,c,w
1646192447,2730,4.60474738050201E+018,3979,a,s
1646713850,2984,4398840248664,363,b,w
1646823842,9770,4090506440797578,5975,b,s
1646824059,5328,4227061134693,6997,b,w
1647016799,7674,38918783143778,3354,c,w
1647819044,9692,3589126769164845,3600,a,s
1648043104,8621,4435690854397,5649,b,s
1648611585,2311,3583154197842846,5434,b,w
1649388342,855,6539732898955658,6578,d,s
1649522141,3239,3520209075146466,4233,c,s
1651477229,2943,3551823917718126,5392,d,w
1651845806,6774,3513213438203229,3997,a,s
1653597253,4341,3552039321886602,1897,c,s
1653827959,1793,3540485548919087,6626,b,w
1653961845,2253,6587483346926534,1589,d,w
1654095220,2843,4898055705300813,561,a,s
1658840727,2962,578641507459,1925,a,w
1659386968,4546,4690087629739503,5925,b,w
1659961410,9909,4852677891066249,1192,d,s
1660332534,666,4910892045907152,1994,c,s
1661231007,9177,4800761580179639,3169,c,w
1661580095,7117,30450755137362,8997,a,w
