,datetime
0,1522539060.0
1,1522585411.0
2,1522543168.0
3,1522547821.0
4,1522549448.0
5,1522553346.0
6,1522553906.0
7,1522560069.0
8,1522560588.0
9,1522560717.0
10,1522562176.0
11,1522562881.0
12,1522563500.0
13,1522594811.0
14,1522639300.0
15,1522566319.0
16,1522568433.0
17,1522570396.0
18,1522576347.0
19,1522586116.0
20,1522587428.0
21,1522592352.0
22,1522593405.0
23,1522600889.0
24,1522562061.0
25,1522618664.0
26,1522705827.0
27,1522623440.0
28,1522627815.0
29,1522632677.0
30,1522644831.0
31,1522644911.0
32,1525186811.0
33,1527865211.0
34,1522646665.0
35,1530457211.0
36,1522651549.0
37,1522665013.0
38,1522671656.0
39,1522674778.0
40,1522676878.0
41,1522677141.0
42,1522677776.0
43,1522681586.0
44,1522688687.0
45,1522690895.0
46,1522707572.0
47,1522711815.0
48,1522713266.0
49,1522714549.0
50,1522717818.0
51,1522719902.0
52,1522725802.0
53,1522730844.0
54,1522736231.0
55,1522736529.0
56,1522736626.0
57,1522737052.0
58,1522741061.0
59,1522745329.0
60,1522746881.0
61,1522532144.0
62,1522567401.0
63,1522553581.0
64,1522573165.0
65,1522548073.0
66,1522638658.0
67,1522723423.0
68,1522630262.0
69,1522571452.0
70,1522604716.0
71,1522657385.0
72,1522572940.0
73,1522578806.0
74,1522618211.0
75,1522653145.0
76,1522673934.0
77,1522726071.0
78,1522623440.0
79,1522709840.0
80,1522731440.0
81,1522592919.0
82,1522613354.0
83,1522645248.0
84,1522647984.0
85,1522725793.0
86,1522728025.0
87,1522586918.0
88,1522736229.0
89,1522542681.0
90,1522573114.0
91,1522574937.0
92,1522603846.0
93,1522600985.0
94,1522687509.0
95,1522597068.0
96,1522601404.0
97,1522686460.0
98,1522575034.0
99,1522582420.0
100,1522586343.0
101,1522589809.0
102,1522591914.0
103,1522597277.0
104,1522639642.0
105,1522673699.0
106,1522726741.0
107,1522759943.0
108,1522792573.0
109,1522750228.0
110,1522752632.0
111,1522812340.0
112,1522753535.0
113,1522759320.0
114,1522760864.0
115,1522762304.0
116,1522771492.0
117,1522776264.0
118,1522780831.0
119,1522794214.0
120,1522796597.0
121,1522898889.0
122,1522900595.0
123,1522814689.0
124,1522816664.0
125,1522817309.0
126,1522818656.0
127,1522820455.0
128,1522823435.0
129,1522828500.0
130,1522829421.0
131,1522829753.0
132,1522833410.0
133,1522838618.0
134,1522839139.0
135,1522840987.0
136,1522841509.0
137,1522843757.0
138,1522848891.0
139,1522858443.0
140,1522870567.0
141,1522882147.0
142,1522883893.0
143,1522893945.0
144,1522896029.0
145,1522897016.0
146,1522901420.0
147,1522904689.0
148,1522905736.0
149,1522907972.0
150,1522910612.0
151,1522911953.0
152,1522915257.0
153,1522916202.0
154,1522920248.0
155,1522926290.0
156,1522932049.0
157,1522933569.0
158,1522972295.0
159,1522977819.0
160,1522980704.0
161,1522982853.0
162,1522986649.0
163,1522987818.0
164,1522989397.0
165,1522989929.0
166,1522841228.0
167,1522904393.0
168,1522936598.0
169,1522983678.0
170,1522830031.0
171,1522832828.0
172,1522828099.0
173,1522899744.0
174,1522829842.0
175,1522917069.0
176,1522815142.0
177,1522794213.0
178,1522815130.0
179,1522880397.0
180,1522903047.0
181,1522833559.0
182,1522849261.0
183,1522897605.0
184,1522913730.0
185,1522966422.0
186,1522985950.0
187,1522817510.0
188,1522823792.0
189,1522900756.0
190,1522901684.0
191,1522935435.0
192,1522686878.0
193,1522773648.0
194,1522859905.0
195,1522946012.0
196,1522854276.0
197,1522860822.0
198,1522943050.0
199,1522946279.0
200,1523026742.0
201,1522812352.0
202,1522845943.0
203,1522899257.0
204,1522917190.0
205,1522985436.0
206,1522997196.0
207,1522998783.0
208,1522999736.0
209,1523003159.0
210,1523003972.0
211,1523004357.0
212,1523189702.0
213,1523004608.0
214,1523009249.0
215,1523011715.0
216,1523012177.0
217,1523013838.0
218,1523014244.0
219,1523014412.0
220,1523023899.0
221,1523029000.0
222,1523032433.0
223,1523057269.0
224,1523061025.0
225,1523061052.0
226,1523068311.0
227,1523068450.0
228,1523070979.0
229,1523072209.0
230,1523075947.0
231,1523079742.0
232,1523083141.0
233,1523089616.0
234,1523089695.0
235,1523089713.0
236,1523091463.0
237,1523092237.0
238,1523093436.0
239,1523095792.0
240,1523097037.0
241,1523097535.0
242,1523111576.0
243,1523112044.0
244,1523114221.0
245,1523115521.0
246,1523132386.0
247,1523137108.0
248,1523148147.0
249,1523149469.0
250,1523153901.0
251,1523158973.0
252,1523161671.0
253,1523165739.0
254,1523169040.0
255,1523170506.0
256,1523171883.0
257,1523173247.0
258,1523174994.0
259,1523176486.0
260,1523177094.0
261,1523178741.0
262,1523179190.0
263,1523068118.0
264,1523164012.0
265,1523164270.0
266,1523173277.0
267,1523174047.0
268,1523177382.0
269,1523009005.0
270,1523068662.0
271,1523156150.0
272,1523154011.0
273,1523003224.0
274,1522994413.0
275,1523035301.0
276,1523163563.0
277,1522999325.0
278,1523055017.0
279,1523070333.0
280,1523093882.0
281,1523207298.0
282,1522997920.0
283,1523090684.0
284,1523153337.0
285,1523169395.0
286,1523169946.0
287,1523002713.0
288,1523163584.0
289,1523075716.0
290,1523078193.0
291,1523085183.0
292,1523085426.0
293,1523135936.0
294,1523178848.0
295,1523032203.0
296,1523118249.0
297,1523206768.0
298,1523029130.0
299,1523116189.0
300,1523120296.0
301,1523199667.0
302,1523204682.0
303,1523002746.0
304,1523071937.0
305,1523091197.0
306,1523179661.0
307,1523182602.0
308,1523186699.0
309,1523180462.0
310,1523182128.0
311,1523182244.0
312,1523182566.0
313,1523183554.0
314,1523184590.0
315,1523186220.0
316,1523187000.0
317,1523189358.0
318,1523190638.0
319,1523194801.0
320,1523194917.0
321,1523219836.0
322,1523222467.0
323,1523240509.0
324,1523242247.0
325,1523244031.0
326,1523245153.0
327,1523246703.0
328,1523250912.0
329,1523251446.0
330,1523252525.0
331,1523253941.0
332,1523259170.0
333,1523259291.0
334,1523259688.0
335,1523262979.0
336,1523263177.0
337,1523263819.0
338,1523264273.0
339,1523267548.0
340,1523270697.0
341,1523271541.0
342,1523276333.0
343,1523287278.0
344,1523295257.0
345,1523307585.0
346,1523320330.0
347,1523323535.0
348,1523326096.0
349,1523330328.0
350,1523337403.0
351,1523337437.0
352,1523340978.0
353,1523342593.0
354,1523344464.0
355,1523345728.0
356,1523347444.0
357,1523348026.0
358,1523349231.0
359,1523350159.0
360,1523350779.0
361,1523354787.0
362,1523356872.0
363,1523356887.0
364,1523358577.0
365,1523358652.0
366,1523359081.0
367,1523359482.0
368,1523360606.0
369,1523366534.0
370,1523366940.0
371,1523369176.0
372,1523371893.0
373,1523393074.0
374,1523397745.0
375,1523248417.0
376,1523280492.0
377,1523282514.0
378,1523365309.0
379,1523248955.0
380,1523262581.0
381,1523434032.0
382,1523278128.0
383,1523337681.0
384,1523434481.0
385,1523230189.0
386,1523235598.0
387,1523251248.0
388,1523350735.0
389,1523226752.0
390,1523228011.0
391,1523248147.0
392,1523313909.0
393,1523332862.0
394,1523353595.0
395,1523361184.0
396,1523277217.0
397,1523343311.0
398,1523323685.0
399,1523331088.0
400,1523336645.0
401,1523179942.0
402,1523210451.0
403,1523186123.0
404,1523290847.0
405,1523376801.0
406,1523285819.0
407,1523287417.0
408,1523376696.0
409,1523378531.0
410,1523244192.0
411,1523330275.0
412,1523350551.0
413,1523410916.0
414,1523411099.0
415,1523412994.0
416,1523413922.0
417,1523418867.0
418,1523419052.0
419,1523427896.0
420,1523430517.0
421,1523432331.0
422,1523433465.0
423,1523435742.0
424,1523439370.0
425,1523439551.0
426,1523442678.0
427,1523443198.0
428,1523445533.0
429,1523448841.0
430,1523450066.0
431,1523451321.0
432,1523452271.0
433,1523465243.0
434,1523479424.0
435,1523493980.0
436,1523496685.0
437,1523511805.0
438,1523512124.0
439,1523513659.0
440,1523514205.0
441,1523516860.0
442,1523519455.0
443,1523521773.0
444,1523523454.0
445,1523525040.0
446,1523525053.0
447,1523525778.0
448,1523529171.0
449,1523529692.0
450,1523547493.0
451,1523548844.0
452,1523549263.0
453,1523550776.0
454,1523552626.0
455,1523571437.0
456,1523574280.0
457,1523578675.0
458,1523584785.0
459,1523587627.0
460,1523592312.0
461,1523599812.0
462,1523601494.0
463,1523602346.0
464,1523604306.0
465,1523604558.0
466,1523608894.0
467,1523611248.0
468,1523445110.0
469,1523463569.0
470,1523425230.0
471,1523407195.0
472,1523414176.0
473,1523418979.0
474,1523432524.0
475,1523510287.0
476,1523468456.0
477,1523426022.0
478,1523575392.0
479,1523594700.0
480,1523597297.0
481,1523644257.0
482,1523399603.0
483,1523431507.0
484,1523486186.0
485,1523473339.0
486,1523482074.0
487,1523609080.0
488,1523438917.0
489,1523529317.0
490,1523535918.0
491,1523781148.0
492,1523465584.0
493,1523550436.0
494,1523636806.0
495,1523455517.0
496,1523462865.0
497,1523547726.0
498,1523629495.0
499,1523416556.0
500,1523441730.0
501,1523503628.0
502,1523527255.0
503,1523589602.0
504,1523613569.0
505,1523614454.0
506,1523614549.0
507,1523617066.0
508,1523618902.0
509,1523628291.0
510,1523628898.0
511,1523629190.0
512,1523639496.0
513,1523654074.0
514,1523658152.0
515,1523663428.0
516,1523668651.0
517,1523795357.0
518,1523674746.0
519,1523675242.0
520,1523675455.0
521,1523682049.0
522,1523684139.0
523,1523687708.0
524,1523689605.0
525,1523690681.0
526,1523702257.0
527,1523709469.0
528,1523716247.0
529,1523741604.0
530,1523753384.0
531,1523754795.0
532,1523756700.0
533,1523758988.0
534,1523762038.0
535,1523766247.0
536,1523766832.0
537,1523770140.0
538,1523771716.0
539,1523773908.0
540,1523776740.0
541,1523776972.0
542,1523779119.0
543,1523779289.0
544,1523782821.0
545,1523783442.0
546,1523791229.0
547,1523792736.0
548,1523792747.0
549,1523795467.0
550,1523798133.0
551,1523805531.0
552,1523810608.0
553,1523815730.0
554,1523815791.0
555,1523830252.0
556,1523834866.0
557,1523843060.0
558,1523851120.0
559,1523854639.0
560,1523856701.0
561,1523860895.0
562,1523862431.0
563,1523618570.0
564,1523680848.0
565,1523729854.0
566,1523810351.0
567,1523848908.0
568,1523695729.0
569,1523705777.0
570,1523609919.0
571,1523779915.0
572,1523782837.0
573,1523857909.0
574,1523637227.0
575,1523676038.0
576,1523733926.0
577,1523729411.0
578,1523572411.0
579,1523594057.0
580,1523657462.0
581,1523682951.0
582,1523850182.0
583,1523615963.0
584,1523659483.0
585,1523693888.0
586,1523719484.0
587,1523790297.0
588,1523662090.0
589,1523751378.0
590,1523758083.0
591,1523843994.0
592,1523784052.0
593,1523808902.0
594,1523813457.0
595,1523724119.0
596,1523809478.0
597,1523634683.0
598,1523717525.0
599,1523724897.0
600,1523891083.0
601,1523618993.0
602,1523786838.0
603,1523852263.0
604,1523896402.0
605,1523863379.0
606,1523867534.0
607,1523869167.0
608,1523870652.0
609,1523871289.0
610,1523874563.0
611,1523875010.0
612,1523876011.0
613,1523885738.0
614,1523887441.0
615,1523904722.0
616,1523931493.0
617,1523932349.0
618,1523934447.0
619,1523943472.0
620,1523943871.0
621,1523949500.0
622,1523950799.0
623,1523951608.0
624,1523952475.0
625,1523953532.0
626,1523958565.0
627,1523961152.0
628,1523961961.0
629,1523962088.0
630,1523962224.0
631,1523962502.0
632,1523964808.0
633,1523966630.0
634,1523970803.0
635,1523973788.0
636,1523974613.0
637,1523980131.0
638,1523980665.0
639,1523982023.0
640,1523985727.0
641,1523991382.0
642,1523996916.0
643,1524004114.0
644,1524016893.0
645,1524017326.0
646,1524017682.0
647,1524018104.0
648,1524018287.0
649,1524020716.0
650,1524033442.0
651,1524033665.0
652,1524033999.0
653,1524035510.0
654,1524037379.0
655,1524037587.0
656,1524038526.0
657,1524040977.0
658,1524042599.0
659,1524044090.0
660,1524044201.0
661,1524044452.0
662,1524047217.0
663,1524048484.0
664,1524052197.0
665,1524054621.0
666,1524055186.0
667,1524056831.0
668,1524058041.0
669,1524058598.0
670,1524060289.0
671,1524069053.0
672,1524074881.0
673,1523938575.0
674,1523948057.0
675,1523959520.0
676,1524027314.0
677,1523884752.0
678,1523998725.0
679,1523989799.0
680,1524028629.0
681,1523887454.0
682,1523930922.0
683,1523953717.0
684,1524015157.0
685,1524023492.0
686,1524038464.0
687,1524083517.0
688,1523867973.0
689,1523918798.0
690,1523955325.0
691,1524003434.0
692,1524026181.0
693,1524048714.0
694,1523935562.0
695,1523938829.0
696,1523955518.0
697,1523897741.0
698,1523982258.0
699,1524070226.0
700,1523895091.0
701,1524065409.0
702,1524070318.0
703,1524152661.0
704,1523934887.0
705,1523964941.0
706,1523967568.0
707,1524023592.0
708,1524047692.0
709,1524106884.0
710,1524094604.0
711,1524100979.0
712,1524101690.0
713,1524102977.0
714,1524112480.0
715,1524112534.0
716,1524112577.0
717,1524114710.0
718,1524114982.0
719,1524115943.0
720,1524116842.0
721,1524117484.0
722,1524117835.0
723,1524118628.0
724,1524118829.0
725,1524119882.0
726,1524120306.0
727,1524120408.0
728,1524124088.0
729,1524124454.0
730,1524125570.0
731,1524126351.0
732,1524128765.0
733,1524129964.0
734,1524131429.0
735,1524142131.0
736,1524143346.0
737,1524145396.0
738,1524148214.0
739,1524166896.0
740,1524174594.0
741,1524176775.0
742,1524177339.0
743,1524185579.0
744,1524191095.0
745,1524191718.0
746,1524194517.0
747,1524204016.0
748,1524204574.0
749,1524209807.0
750,1524210319.0
751,1524210329.0
752,1524211701.0
753,1524212464.0
754,1524213501.0
755,1524218831.0
756,1524223149.0
757,1524224178.0
758,1524224252.0
759,1524229163.0
760,1524230215.0
761,1524230435.0
762,1524230691.0
763,1524232780.0
764,1524236807.0
765,1524240891.0
766,1524244227.0
767,1524255803.0
768,1524264749.0
769,1524272142.0
770,1524274543.0
771,1524275135.0
772,1524277058.0
773,1524279707.0
774,1524280070.0
775,1524281202.0
776,1524283711.0
777,1524287858.0
778,1524290119.0
779,1524291131.0
780,1524296828.0
781,1524301666.0
782,1524301966.0
783,1524190124.0
784,1524280668.0
785,1524291140.0
786,1524112996.0
787,1524126298.0
788,1524127383.0
789,1524154435.0
790,1524299510.0
791,1524176985.0
792,1524199107.0
793,1524264604.0
794,1524286833.0
795,1524104643.0
796,1524203905.0
797,1524114002.0
798,1524166887.0
799,1524221444.0
800,1524224602.0
801,1524295023.0
802,1524104121.0
803,1524153901.0
804,1524240363.0
805,1524327738.0
806,1524158704.0
807,1524241037.0
808,1524244851.0
809,1524211791.0
810,1524282845.0
811,1524302867.0
812,1524401719.0
813,1524311032.0
814,1524311231.0
815,1524311777.0
816,1524311924.0
817,1524312844.0
818,1524313226.0
819,1524342375.0
820,1524350778.0
821,1524365488.0
822,1524373288.0
823,1524376784.0
824,1524377586.0
825,1524378342.0
826,1524378417.0
827,1524381236.0
828,1524384096.0
829,1524388160.0
830,1524389763.0
831,1524390138.0
832,1524390347.0
833,1524390543.0
834,1524390882.0
835,1524393145.0
836,1524394418.0
837,1524395417.0
838,1524397822.0
839,1524401468.0
840,1524403421.0
841,1524404834.0
842,1524407706.0
843,1524432874.0
844,1524433943.0
845,1524440240.0
846,1524443231.0
847,1524457718.0
848,1524457962.0
849,1524459818.0
850,1524460394.0
851,1524463766.0
852,1524465316.0
853,1524470143.0
854,1524470303.0
855,1524474372.0
856,1524475805.0
857,1524477018.0
858,1524485588.0
859,1524486288.0
860,1524494825.0
861,1524513391.0
862,1524516574.0
863,1524525002.0
864,1524532207.0
865,1524536092.0
866,1524537364.0
867,1524546749.0
868,1524546793.0
869,1524547674.0
870,1524548896.0
871,1524549350.0
872,1524549404.0
873,1524553756.0
874,1524554259.0
875,1524557066.0
876,1524557570.0
877,1524558985.0
878,1524559445.0
879,1524377896.0
880,1524490511.0
881,1524541321.0
882,1524549908.0
883,1524538784.0
884,1524473765.0
885,1524458703.0
886,1524526436.0
887,1524444591.0
888,1524369191.0
889,1524307668.0
890,1524368431.0
891,1524462117.0
892,1524326437.0
893,1524365886.0
894,1524434902.0
895,1524536338.0
896,1524542237.0
897,1524553103.0
898,1524278575.0
899,1524417650.0
900,1524544522.0
901,1524545734.0
902,1524555224.0
903,1524350661.0
904,1524364122.0
905,1524394447.0
906,1524459735.0
907,1524523355.0
908,1524385366.0
909,1524389727.0
910,1524400861.0
911,1524413806.0
912,1524495929.0
913,1524304685.0
914,1524390786.0
915,1524454458.0
916,1524540619.0
917,1524559649.0
918,1524560591.0
919,1524560622.0
920,1524560825.0
921,1524561669.0
922,1524562903.0
923,1524569513.0
924,1524573722.0
925,1524576942.0
926,1524609569.0
927,1524613926.0
928,1524626166.0
929,1524626878.0
930,1524628501.0
931,1524628789.0
932,1524631115.0
933,1524631207.0
934,1524632123.0
935,1524634852.0
936,1524635037.0
937,1524636007.0
938,1524636181.0
939,1524636336.0
940,1524639535.0
941,1524640533.0
942,1524640843.0
943,1524641708.0
944,1524643349.0
945,1524644060.0
946,1524647970.0
947,1524649181.0
948,1524650086.0
949,1524651663.0
950,1524652620.0
951,1524657536.0
952,1524689502.0
953,1524698274.0
954,1524702503.0
955,1524703258.0
956,1524708454.0
957,1524709725.0
958,1524714081.0
959,1524720691.0
960,1524722335.0
961,1524727150.0
962,1524728083.0
963,1524732998.0
964,1524735850.0
965,1524736656.0
966,1524737708.0
967,1524738805.0
968,1524741192.0
969,1524743691.0
970,1524744033.0
971,1524746501.0
972,1524750138.0
973,1524771707.0
974,1524777719.0
975,1524783954.0
976,1524787385.0
977,1524788232.0
978,1524629746.0
979,1524717330.0
980,1524753858.0
981,1524604357.0
982,1524622185.0
983,1524673086.0
984,1524631275.0
985,1524644887.0
986,1524714276.0
987,1524606526.0
988,1524621466.0
989,1524644062.0
990,1524709139.0
991,1524568594.0
992,1524579858.0
993,1524632728.0
994,1524718125.0
995,1524629994.0
996,1524706984.0
997,1524725146.0
998,1524630602.0
999,1524702984.0
1000,1524730906.0
1001,1524586939.0
1002,1524674309.0
1003,1524758925.0
1004,1524672773.0
1005,1524756447.0
1006,1524761050.0
1007,1524841043.0
1008,1524626211.0
1009,1524655293.0
1010,1524712517.0
1011,1524729702.0
1012,1524799185.0
1013,1524822352.0
1014,1524792444.0
1015,1525005647.0
1016,1524794951.0
1017,1524796007.0
1018,1524796214.0
1019,1524796747.0
1020,1524805257.0
1021,1524806233.0
1022,1524811850.0
1023,1524815385.0
1024,1524817907.0
1025,1524818290.0
1026,1524819312.0
1027,1524821782.0
1028,1524827167.0
1029,1524827248.0
1030,1524828152.0
1031,1524828503.0
1032,1524831101.0
1033,1524832566.0
1034,1524833203.0
1035,1524845736.0
1036,1524850549.0
1037,1524864513.0
1038,1524870910.0
1039,1524876116.0
1040,1524882960.0
1041,1524891160.0
1042,1524891283.0
1043,1524891394.0
1044,1524894161.0
1045,1524894605.0
1046,1524894665.0
1047,1524894950.0
1048,1524895414.0
1049,1524896449.0
1050,1524897299.0
1051,1524897708.0
1052,1524899962.0
1053,1524903435.0
1054,1524904196.0
1055,1524904517.0
1056,1524904526.0
1057,1524905422.0
1058,1524905907.0
1059,1524906265.0
1060,1524906326.0
1061,1524912314.0
1062,1524912742.0
1063,1524913671.0
1064,1524916565.0
1065,1524921438.0
1066,1524922917.0
1067,1524925286.0
1068,1524945589.0
1069,1524951329.0
1070,1524953176.0
1071,1524955732.0
1072,1524958509.0
1073,1524960435.0
1074,1524962588.0
1075,1524967464.0
1076,1524972615.0
1077,1524972931.0
1078,1524973423.0
1079,1524974966.0
1080,1524978160.0
1081,1524978859.0
1082,1524981907.0
1083,1524982635.0
1084,1524983645.0
1085,1524984224.0
1086,1524984230.0
1087,1524985741.0
1088,1524987205.0
1089,1524987816.0
1090,1524988580.0
1091,1524989148.0
1092,1524804346.0
1093,1524886980.0
1094,1524969899.0
1095,1524841820.0
1096,1524853716.0
1097,1524789134.0
1098,1524990035.0
1099,1524887228.0
1100,1524903401.0
1101,1524781724.0
1102,1524812615.0
1103,1524868533.0
1104,1524882410.0
1105,1524817091.0
1106,1524807308.0
1107,1524814673.0
1108,1524823423.0
1109,1524991678.0
1110,1524997619.0
1111,1525003988.0
1112,1525021236.0
1113,1524848167.0
1114,1525025955.0
1115,1524417074.0
1116,1524932005.0
1117,1525017876.0
1118,1524846867.0
1119,1524929528.0
1120,1524934674.0
1121,1525014664.0
1122,1525019668.0
1123,1524886941.0
1124,1524922214.0
1125,1524995059.0
1126,1524996280.0
1127,1525000076.0
1128,1525001578.0
1129,1525002190.0
1130,1525008864.0
1131,1525009196.0
1132,1525009656.0
1133,1525015171.0
1134,1525016601.0
1135,1525045142.0
1136,1525046069.0
1137,1525052677.0
1138,1525062382.0
1139,1525064175.0
1140,1525069935.0
1141,1525070131.0
1142,1525070869.0
1143,1525071229.0
1144,1525073317.0
1145,1525073877.0
1146,1525074977.0
1147,1525075323.0
1148,1525077040.0
1149,1525079623.0
1150,1525079698.0
1151,1525081447.0
1152,1525083535.0
1153,1525086025.0
1154,1525089340.0
1155,1525089559.0
1156,1525091949.0
1157,1525093602.0
1158,1525095522.0
1159,1525098268.0
1160,1525101737.0
1161,1525122184.0
1162,1525130460.0
1163,1525131510.0
1164,1525141001.0
1165,1525148085.0
1166,1525149391.0
1167,1525151486.0
1168,1525153470.0
1169,1525154306.0
1170,1525156028.0
1171,1525158511.0
1172,1525161808.0
1173,1525162454.0
1174,1525163012.0
1175,1525164468.0
1176,1525164634.0
1177,1525165550.0
1178,1525166441.0
1179,1525168991.0
1180,1525171767.0
1181,1525172514.0
1182,1525174181.0
1183,1525174445.0
1184,1525175260.0
1185,1525176304.0
1186,1525177695.0
1187,1525179783.0
1188,1525181224.0
1189,1525181948.0
1190,1525187019.0
1191,1525188604.0
1192,1525212227.0
1193,1525213712.0
1194,1525219297.0
1195,1525223191.0
1196,1525225738.0
1197,1525228920.0
1198,1525230849.0
1199,1524996858.0
1200,1525010966.0
1201,1525143414.0
1202,1525164127.0
1203,1525061446.0
1204,1524953839.0
1205,1525054829.0
1206,1525055435.0
1207,1525069556.0
1208,1525149581.0
1209,1525023489.0
1210,1525075922.0
1211,1525097875.0
1212,1525046301.0
1213,1525063730.0
1214,1525157797.0
1215,1525130772.0
1216,1525157663.0
1217,1525106886.0
1218,1525191384.0
1219,1525099352.0
1220,1525106989.0
1221,1525184361.0
1222,1525192949.0
1223,1525169017.0
1224,1525233173.0
1225,1525235646.0
1226,1525236801.0
1227,1525248533.0
1228,1525248906.0
1229,1525251439.0
1230,1525252550.0
1231,1525253621.0
1232,1525254354.0
1233,1525254636.0
1234,1525258646.0
1235,1525259752.0
1236,1525264882.0
1237,1525265450.0
1238,1525303911.0
1239,1525308662.0
1240,1525312211.0
1241,1525314101.0
1242,1525320609.0
1243,1525323310.0
1244,1525328074.0
1245,1525329806.0
1246,1525330573.0
1247,1525332204.0
1248,1525335427.0
1249,1525335682.0
1250,1525338259.0
1251,1525338573.0
1252,1525338813.0
1253,1525340379.0
1254,1525341147.0
1255,1525342910.0
1256,1525345219.0
1257,1525347777.0
1258,1525349128.0
1259,1525357370.0
1260,1525362251.0
1261,1525364529.0
1262,1525379119.0
1263,1525392444.0
1264,1525393957.0
1265,1525395465.0
1266,1525395493.0
1267,1525404509.0
1268,1525406238.0
1269,1525406238.0
1270,1525409020.0
1271,1525409430.0
1272,1525410147.0
1273,1525410292.0
1274,1525410914.0
1275,1525416003.0
1276,1525420380.0
1277,1525422620.0
1278,1525422692.0
1279,1525424420.0
1280,1525425471.0
1281,1525426792.0
1282,1525427064.0
1283,1525431532.0
1284,1525433971.0
1285,1525434789.0
1286,1525441707.0
1287,1525443465.0
1288,1525445015.0
1289,1525445414.0
1290,1525452280.0
1291,1525309649.0
1292,1525444053.0
1293,1525226678.0
1294,1525414517.0
1295,1525322066.0
1296,1525448955.0
1297,1525314418.0
1298,1525322540.0
1299,1525249309.0
1300,1525334192.0
1301,1525299444.0
1302,1525323154.0
1303,1525385410.0
1304,1525399401.0
1305,1525423429.0
1306,1525232419.0
1307,1525320285.0
1308,1525323396.0
1309,1525419960.0
1310,1525305834.0
1311,1525313623.0
1312,1525341705.0
1313,1525386414.0
1314,1525340887.0
1315,1525278114.0
1316,1525363997.0
1317,1525451361.0
1318,1525274311.0
1319,1525277619.0
1320,1525448190.0
1321,1525453013.0
1322,1525535271.0
1323,1525238651.0
1324,1525318034.0
1325,1525405398.0
1326,1525428022.0
1327,1525611323.0
1328,1525456400.0
1329,1525462762.0
1330,1525471888.0
1331,1525472761.0
1332,1525487096.0
1333,1525487145.0
1334,1525491194.0
1335,1525492876.0
1336,1525494067.0
1337,1525495548.0
1338,1525498241.0
1339,1525498427.0
1340,1525500500.0
1341,1525500681.0
1342,1525501848.0
1343,1525502266.0
1344,1525504577.0
1345,1525505395.0
1346,1525505933.0
1347,1525510234.0
1348,1525512864.0
1349,1525513319.0
1350,1525514362.0
1351,1525515470.0
1352,1525515704.0
1353,1525516802.0
1354,1525519095.0
1355,1525522121.0
1356,1525522824.0
1357,1525526669.0
1358,1525528911.0
1359,1525532193.0
1360,1525568513.0
1361,1525573109.0
1362,1525573792.0
1363,1525577504.0
1364,1525579190.0
1365,1525580472.0
1366,1525582074.0
1367,1525582470.0
1368,1525583695.0
1369,1525584324.0
1370,1525589444.0
1371,1525594595.0
1372,1525595940.0
1373,1525596519.0
1374,1525598803.0
1375,1525600134.0
1376,1525604570.0
1377,1525606391.0
1378,1525610298.0
1379,1525610552.0
1380,1525611204.0
1381,1525611486.0
1382,1525613437.0
1383,1525614745.0
1384,1525616656.0
1385,1525616680.0
1386,1525619175.0
1387,1525627203.0
1388,1525638439.0
1389,1525641095.0
1390,1525646194.0
1391,1525647329.0
1392,1525656521.0
1393,1525541628.0
1394,1525546609.0
1395,1525550036.0
1396,1525608199.0
1397,1525620433.0
1398,1525576677.0
1399,1525589261.0
1400,1525582012.0
1401,1525596304.0
1402,1525580618.0
1403,1525634535.0
1404,1525648580.0
1405,1525533052.0
1406,1525577704.0
1407,1525507268.0
1408,1525540951.0
1409,1525594586.0
1410,1525617252.0
1411,1525626548.0
1412,1525641844.0
1413,1525583873.0
1414,1525586094.0
1415,1525586242.0
1416,1525590167.0
1417,1525592105.0
1418,1525500952.0
1419,1525599320.0
1420,1525607035.0
1421,1525607118.0
1422,1525627715.0
1423,1525537520.0
1424,1525624112.0
1425,1525543020.0
1426,1525620509.0
1427,1525624499.0
1428,1525518026.0
1429,1525593671.0
1430,1525595923.0
1431,1525598135.0
1432,1525604215.0
1433,1525608723.0
1434,1525689730.0
1435,1525657437.0
1436,1525660604.0
1437,1525663503.0
1438,1525663956.0
1439,1525666807.0
1440,1525667873.0
1441,1525671014.0
1442,1525672072.0
1443,1525674766.0
1444,1525679987.0
1445,1525681148.0
1446,1525684118.0
1447,1525685868.0
1448,1525689689.0
1449,1525690543.0
1450,1525693728.0
1451,1525698256.0
1452,1525700628.0
1453,1525700844.0
1454,1525702324.0
1455,1525702878.0
1456,1525703071.0
1457,1525705227.0
1458,1525706393.0
1459,1525711013.0
1460,1525711152.0
1461,1525712434.0
1462,1525712845.0
1463,1525714106.0
1464,1525714449.0
1465,1525735499.0
1466,1525738293.0
1467,1525738570.0
1468,1525742265.0
1469,1525742476.0
1470,1525744289.0
1471,1525751369.0
1472,1525751437.0
1473,1525751563.0
1474,1525755365.0
1475,1525757638.0
1476,1525761526.0
1477,1525761858.0
1478,1525764376.0
1479,1525764918.0
1480,1525766433.0
1481,1525767362.0
1482,1525770232.0
1483,1525771136.0
1484,1525774499.0
1485,1525776880.0
1486,1525779344.0
1487,1525782408.0
1488,1525789195.0
1489,1525791152.0
1490,1525794978.0
1491,1525797269.0
1492,1525801264.0
1493,1525804617.0
1494,1525818719.0
1495,1525818740.0
1496,1525823161.0
1497,1525824044.0
1498,1525831843.0
1499,1525841229.0
1500,1525844057.0
1501,1525846949.0
1502,1525850492.0
1503,1525851243.0
1504,1525691924.0
1505,1525752792.0
1506,1525840658.0
1507,1525845828.0
1508,1525822082.0
1509,1525764915.0
1510,1525768412.0
1511,1525840494.0
1512,1525759032.0
1513,1525722242.0
1514,1525753649.0
1515,1525772447.0
1516,1525784498.0
1517,1525787334.0
1518,1525800385.0
1519,1525805761.0
1520,1525839281.0
1521,1525854100.0
1522,1525876221.0
1523,1525701772.0
1524,1525739438.0
1525,1525752441.0
1526,1525750462.0
1527,1525825618.0
1528,1525839785.0
1529,1526199528.0
1530,1526200786.0
1531,1525353339.0
1532,1526233400.0
1533,1525709191.0
1534,1525795650.0
1535,1525699937.0
1536,1525707580.0
1537,1525794408.0
1538,1525801088.0
1539,1525751244.0
1540,1525773400.0
1541,1525836471.0
1542,1525854333.0
1543,1525860735.0
1544,1525862707.0
1545,1525853214.0
1546,1525853337.0
1547,1525853550.0
1548,1525854183.0
1549,1525855248.0
1550,1525855635.0
1551,1525857054.0
1552,1525858354.0
1553,1525859657.0
1554,1525862387.0
1555,1526043378.0
1556,1525871378.0
1557,1525874272.0
1558,1525881947.0
1559,1525884751.0
1560,1525899667.0
1561,1525902588.0
1562,1525903247.0
1563,1525906462.0
1564,1525907987.0
1565,1525911817.0
1566,1525918182.0
1567,1525923921.0
1568,1525925365.0
1569,1525925442.0
1570,1525925893.0
1571,1525929010.0
1572,1525929969.0
1573,1525931218.0
1574,1525931559.0
1575,1525933502.0
1576,1525934290.0
1577,1525934915.0
1578,1525935913.0
1579,1525937261.0
1580,1525938162.0
1581,1525939925.0
1582,1525940539.0
1583,1525944434.0
1584,1525944700.0
1585,1525946519.0
1586,1525950518.0
1587,1525952160.0
1588,1525953353.0
1589,1525957167.0
1590,1525959495.0
1591,1525960288.0
1592,1525963257.0
1593,1525964933.0
1594,1525966134.0
1595,1525967392.0
1596,1525971879.0
1597,1525972396.0
1598,1525975275.0
1599,1525997872.0
1600,1526004916.0
1601,1526005414.0
1602,1526012820.0
1603,1526013082.0
1604,1526014987.0
1605,1526015632.0
1606,1526017740.0
1607,1526019862.0
1608,1526023554.0
1609,1526026413.0
1610,1526026613.0
1611,1526028130.0
1612,1526030261.0
1613,1526031036.0
1614,1526031615.0
1615,1526032902.0
1616,1526034375.0
1617,1526035943.0
1618,1526036531.0
1619,1526044820.0
1620,1526049439.0
1621,1526051130.0
1622,1526053093.0
1623,1525882149.0
1624,1525924289.0
1625,1526004986.0
1626,1526006795.0
1627,1526001031.0
1628,1526006294.0
1629,1525975969.0
1630,1525921536.0
1631,1526000040.0
1632,1526007355.0
1633,1526011057.0
1634,1525904174.0
1635,1525919414.0
1636,1525992302.0
1637,1526077726.0
1638,1525886996.0
1639,1525895307.0
1640,1525952489.0
1641,1525866820.0
1642,1526019946.0
1643,1526803469.0
1644,1526805631.0
1645,1526833681.0
1646,1526839944.0
1647,1527409374.0
1648,1525882231.0
1649,1525969429.0
1650,1525968051.0
1651,1526056043.0
1652,1525879381.0
1653,1525885471.0
1654,1525966879.0
1655,1525970007.0
1656,1526058093.0
1657,1525918550.0
1658,1525931465.0
1659,1526066905.0
1660,1526081924.0
1661,1526215556.0
1662,1526095881.0
1663,1526099096.0
1664,1526100348.0
1665,1526103672.0
1666,1526105602.0
1667,1526106143.0
1668,1526106170.0
1669,1526106740.0
1670,1526111546.0
1671,1526114279.0
1672,1526119749.0
1673,1526121552.0
1674,1526122593.0
1675,1526123197.0
1676,1526123278.0
1677,1526133194.0
1678,1526135982.0
1679,1526136752.0
1680,1526139498.0
1681,1526155215.0
1682,1526155901.0
1683,1526182073.0
1684,1526183709.0
1685,1526190738.0
1686,1526195197.0
1687,1526202987.0
1688,1526204584.0
1689,1526207864.0
1690,1526210118.0
1691,1526211457.0
1692,1526220719.0
1693,1526224823.0
1694,1526229806.0
1695,1526231406.0
1696,1526234696.0
1697,1526247951.0
1698,1526252101.0
1699,1526252737.0
1700,1526260340.0
1701,1526268938.0
1702,1526270429.0
1703,1526275795.0
1704,1526278098.0
1705,1526278813.0
1706,1526282497.0
1707,1526284349.0
1708,1526284933.0
1709,1526285281.0
1710,1526285429.0
1711,1526286750.0
1712,1526286943.0
1713,1526287549.0
1714,1526287573.0
1715,1526289087.0
1716,1526290532.0
1717,1526291274.0
1718,1526113124.0
1719,1526180718.0
1720,1526199368.0
1721,1526228173.0
1722,1526161699.0
1723,1526178661.0
1724,1526199973.0
1725,1526190510.0
1726,1526255027.0
1727,1526222997.0
1728,1526174938.0
1729,1526092785.0
1730,1526183031.0
1731,1526196511.0
1732,1526214282.0
1733,1526214461.0
1734,1526124417.0
1735,1526184700.0
1736,1526211985.0
1737,1526279040.0
1738,1526182396.0
1739,1527413453.0
1740,1527440034.0
1741,1527446702.0
1742,1528016370.0
1743,1528024357.0
1744,1528049250.0
1745,1526141859.0
1746,1528020170.0
1747,1526231543.0
1748,1526134668.0
1749,1526140200.0
1750,1526219042.0
1751,1526235441.0
1752,1526099274.0
1753,1526122033.0
1754,1526213575.0
1755,1526216154.0
1756,1526220485.0
1757,1526269300.0
1758,1526300581.0
1759,1526354142.0
1760,1526292076.0
1761,1526292612.0
1762,1526292619.0
1763,1526292825.0
1764,1526294244.0
1765,1526295390.0
1766,1526295984.0
1767,1526296155.0
1768,1526298608.0
1769,1526299843.0
1770,1526305849.0
1771,1526306366.0
1772,1526324862.0
1773,1526341556.0
1774,1526342931.0
1775,1526349030.0
1776,1526355344.0
1777,1526358022.0
1778,1526360959.0
1779,1526363354.0
1780,1526364904.0
1781,1526366791.0
1782,1526371792.0
1783,1526372787.0
1784,1526374035.0
1785,1526374046.0
1786,1526376064.0
1787,1526380922.0
1788,1526381551.0
1789,1526383219.0
1790,1526385176.0
1791,1526396725.0
1792,1526398562.0
1793,1526417504.0
1794,1526417909.0
1795,1526420828.0
1796,1526427413.0
1797,1526429287.0
1798,1526431153.0
1799,1526434493.0
1800,1526435092.0
1801,1526439261.0
1802,1526439377.0
1803,1526441973.0
1804,1526444254.0
1805,1526446486.0
1806,1526447001.0
1807,1526447491.0
1808,1526450954.0
1809,1526455899.0
1810,1526456261.0
1811,1526463007.0
1812,1526463118.0
1813,1526463266.0
1814,1526464111.0
1815,1526464593.0
1816,1526465128.0
1817,1526467712.0
1818,1526468805.0
1819,1526470544.0
1820,1526476677.0
1821,1526476848.0
1822,1526477739.0
1823,1526479761.0
1824,1526483605.0
1825,1526487490.0
1826,1526491425.0
1827,1526503280.0
1828,1526518432.0
1829,1526525203.0
1830,1526526806.0
1831,1526292309.0
1832,1526354728.0
1833,1526322897.0
1834,1526356337.0
1835,1526447682.0
1836,1526451111.0
1837,1526363194.0
1838,1526365084.0
1839,1526365392.0
1840,1526459774.0
1841,1526518773.0
1842,1526291665.0
1843,1526302418.0
1844,1526429665.0
1845,1526369446.0
1846,1526335439.0
1847,1526433240.0
1848,1526527171.0
1849,1526351973.0
1850,1526448718.0
1851,1526449646.0
1852,1526454906.0
1853,1526331547.0
1854,1526347929.0
1855,1526437596.0
1856,1526475583.0
1857,1526316345.0
1858,1526401302.0
1859,1526489467.0
1860,1526574118.0
1861,1526398605.0
1862,1526404657.0
1863,1526482461.0
1864,1526485441.0
1865,1526382905.0
1866,1526528312.0
1867,1526530292.0
1868,1526821145.0
1869,1526538357.0
1870,1526538883.0
1871,1526539071.0
1872,1526542602.0
1873,1526545108.0
1874,1526546900.0
1875,1526547697.0
1876,1526548915.0
1877,1526548916.0
1878,1526550649.0
1879,1526550851.0
1880,1526553552.0
1881,1526554432.0
1882,1526557967.0
1883,1526561592.0
1884,1526564504.0
1885,1526571358.0
1886,1526575713.0
1887,1526580528.0
1888,1526592038.0
1889,1526594129.0
1890,1526594376.0
1891,1526599940.0
1892,1526600314.0
1893,1526601429.0
1894,1526602000.0
1895,1526610216.0
1896,1526616405.0
1897,1526621319.0
1898,1526621906.0
1899,1526629262.0
1900,1526632102.0
1901,1526632764.0
1902,1526632821.0
1903,1526636269.0
1904,1526645169.0
1905,1526648939.0
1906,1526649166.0
1907,1526653565.0
1908,1526665311.0
1909,1526670783.0
1910,1526675920.0
1911,1526704335.0
1912,1526706115.0
1913,1526706618.0
1914,1526709961.0
1915,1526713293.0
1916,1526714275.0
1917,1526715364.0
1918,1526716331.0
1919,1526718104.0
1920,1526718827.0
1921,1526719102.0
1922,1526719948.0
1923,1526723720.0
1924,1526729817.0
1925,1526736924.0
1926,1526745823.0
1927,1526759560.0
1928,1526614603.0
1929,1526656562.0
1930,1526733699.0
1931,1526530186.0
1932,1526545042.0
1933,1526700387.0
1934,1526614911.0
1935,1526710929.0
1936,1526648833.0
1937,1526695834.0
1938,1526693578.0
1939,1526717976.0
1940,1526720040.0
1941,1526760667.0
1942,1526510396.0
1943,1526597704.0
1944,1526618324.0
1945,1526624828.0
1946,1526639785.0
1947,1526659104.0
1948,1526726536.0
1949,1526651470.0
1950,1526610355.0
1951,1526629009.0
1952,1526661767.0
1953,1526700731.0
1954,1526706184.0
1955,1526775487.0
1956,1526660861.0
1957,1526747897.0
1958,1526566387.0
1959,1526571033.0
1960,1526652780.0
1961,1526743741.0
1962,1526751411.0
1963,1526555932.0
1964,1526614086.0
1965,1526631703.0
1966,1526699985.0
1967,1526726437.0
1968,1526804898.0
1969,1526806533.0
1970,1526813645.0
1971,1526814902.0
1972,1526817874.0
1973,1526779509.0
1974,1526780126.0
1975,1526783491.0
1976,1526785197.0
1977,1526786559.0
1978,1526787140.0
1979,1526787204.0
1980,1526793890.0
1981,1526796162.0
1982,1526799765.0
1983,1526800097.0
1984,1526801661.0
1985,1526801800.0
1986,1526802644.0
1987,1526802738.0
1988,1526804108.0
1989,1526804787.0
1990,1526805394.0
1991,1526805545.0
1992,1526808458.0
1993,1526815742.0
1994,1526824184.0
1995,1526825323.0
1996,1526826592.0
1997,1526836371.0
1998,1526842248.0
1999,1526842477.0
2000,1526848300.0
2001,1526863076.0
2002,1526866473.0
2003,1526869268.0
2004,1526869982.0
2005,1526873190.0
2006,1526876362.0
2007,1526877847.0
2008,1526878307.0
2009,1526878449.0
2010,1526879275.0
2011,1526883507.0
2012,1526886386.0
2013,1526887273.0
2014,1526889939.0
2015,1526890624.0
2016,1526892480.0
2017,1526893070.0
2018,1526894624.0
2019,1526895425.0
2020,1526895786.0
2021,1526896059.0
2022,1526897038.0
2023,1526897997.0
2024,1526901402.0
2025,1526902142.0
2026,1526902272.0
2027,1526903695.0
2028,1526904786.0
2029,1526911032.0
2030,1526914287.0
2031,1526918461.0
2032,1526935425.0
2033,1526941750.0
2034,1526945522.0
2035,1526947963.0
2036,1526952624.0
2037,1526954645.0
2038,1526954984.0
2039,1526957248.0
2040,1526959793.0
2041,1526964144.0
2042,1526968512.0
2043,1526968673.0
2044,1526817645.0
2045,1526875964.0
2046,1526796867.0
2047,1526872639.0
2048,1526868889.0
2049,1526912181.0
2050,1526816878.0
2051,1526958992.0
2052,1526788934.0
2053,1526805236.0
2054,1526877651.0
2055,1526886914.0
2056,1526954813.0
2057,1526794684.0
2058,1526854120.0
2059,1526781242.0
2060,1526785904.0
2061,1526905273.0
2062,1526935781.0
2063,1526833297.0
2064,1526918720.0
2065,1526827586.0
2066,1526837165.0
2067,1526915604.0
2068,1526921228.0
2069,1527003360.0
2070,1526819546.0
2071,1526822967.0
2072,1526874121.0
2073,1526901391.0
2074,1526959809.0
2075,1526969485.0
2076,1526972469.0
2077,1526973084.0
2078,1526974440.0
2079,1526976120.0
2080,1526978432.0
2081,1526979707.0
2082,1526979919.0
2083,1526980261.0
2084,1526983124.0
2085,1526985334.0
2086,1526985720.0
2087,1526990154.0
2088,1526991664.0
2089,1526992633.0
2090,1526994886.0
2091,1526995472.0
2092,1526997374.0
2093,1527003694.0
2094,1527010939.0
2095,1527018314.0
2096,1527025092.0
2097,1527027635.0
2098,1527028179.0
2099,1527038898.0
2100,1527052540.0
2101,1527055244.0
2102,1527058928.0
2103,1527060722.0
2104,1527062281.0
2105,1527063944.0
2106,1527064459.0
2107,1527067078.0
2108,1527068241.0
2109,1527071364.0
2110,1527077078.0
2111,1527079802.0
2112,1527082098.0
2113,1527086511.0
2114,1527087681.0
2115,1527096648.0
2116,1527104191.0
2117,1527110411.0
2118,1527112402.0
2119,1527112932.0
2120,1527118328.0
2121,1527118558.0
2122,1527122391.0
2123,1527122995.0
2124,1527125766.0
2125,1527127522.0
2126,1527131759.0
2127,1527134412.0
2128,1527135183.0
2129,1527136431.0
2130,1527139814.0
2131,1527143527.0
2132,1527143833.0
2133,1527148862.0
2134,1527150629.0
2135,1527150732.0
2136,1527154679.0
2137,1527155539.0
2138,1527155722.0
2139,1527156715.0
2140,1527158047.0
2141,1527160645.0
2142,1527164669.0
2143,1527172560.0
2144,1527175025.0
2145,1527177266.0
2146,1527180681.0
2147,1527182136.0
2148,1527197552.0
2149,1527208087.0
2150,1527014852.0
2151,1527047318.0
2152,1527051866.0
2153,1527078647.0
2154,1527171621.0
2155,1527149705.0
2156,1526970433.0
2157,1527055239.0
2158,1527075519.0
2159,1527073468.0
2160,1527136060.0
2161,1527043032.0
2162,1527008262.0
2163,1527093549.0
2164,1527178644.0
2165,1527266089.0
2166,1527009807.0
2167,1527085991.0
2168,1527090830.0
2169,1527171301.0
2170,1527174924.0
2171,1527259203.0
2172,1527132623.0
2173,1527168857.0
2174,1527212057.0
2175,1527423785.0
2176,1527212939.0
2177,1527227614.0
2178,1527214756.0
2179,1527214912.0
2180,1527217469.0
2181,1527217696.0
2182,1527218571.0
2183,1527222012.0
2184,1527222497.0
2185,1527222678.0
2186,1527225662.0
2187,1527225675.0
2188,1527226501.0
2189,1527237866.0
2190,1527299600.0
2191,1527233125.0
2192,1527233914.0
2193,1527237426.0
2194,1527238776.0
2195,1527322700.0
2196,1527244133.0
2197,1527246597.0
2198,1527248147.0
2199,1527258748.0
2200,1527259975.0
2201,1527260752.0
2202,1527263518.0
2203,1527292200.0
2204,1527297372.0
2205,1527332975.0
2206,1527304074.0
2207,1527307197.0
2208,1527310354.0
2209,1527311003.0
2210,1527311559.0
2211,1527317898.0
2212,1527321241.0
2213,1527321870.0
2214,1527322283.0
2215,1527324296.0
2216,1527328313.0
2217,1527331765.0
2218,1527332580.0
2219,1527335247.0
2220,1527340536.0
2221,1527341277.0
2222,1527343339.0
2223,1527352646.0
2224,1527353357.0
2225,1527372833.0
2226,1527377752.0
2227,1527380486.0
2228,1527388269.0
2229,1527389274.0
2230,1527389633.0
2231,1527390559.0
2232,1527393364.0
2233,1527394022.0
2234,1527405752.0
2235,1527408119.0
2236,1527408140.0
2237,1527408336.0
2238,1527408448.0
2239,1527408572.0
2240,1527409538.0
2241,1527410769.0
2242,1527411015.0
2243,1527412224.0
2244,1527413483.0
2245,1527236379.0
2246,1527286731.0
2247,1527292702.0
2248,1527299573.0
2249,1527303122.0
2250,1527327638.0
2251,1527334865.0
2252,1527362198.0
2253,1527394974.0
2254,1527220468.0
2255,1527407751.0
2256,1527225943.0
2257,1527246413.0
2258,1527250975.0
2259,1527278361.0
2260,1527236795.0
2261,1527307048.0
2262,1527316677.0
2263,1527223748.0
2264,1527410884.0
2265,1527310794.0
2266,1527372602.0
2267,1527351044.0
2268,1527438002.0
2269,1527268928.0
2270,1527341178.0
2271,1527347008.0
2272,1527431840.0
2273,1527218201.0
2274,1527237222.0
2275,1527304825.0
2276,1527332585.0
2277,1527390929.0
2278,1527406416.0
2279,1527420078.0
2280,1527417909.0
2281,1527419580.0
2282,1527419675.0
2283,1527424682.0
2284,1527425425.0
2285,1527498548.0
2286,1527432314.0
2287,1527438512.0
2288,1527499294.0
2289,1527456449.0
2290,1527461075.0
2291,1527461604.0
2292,1527469592.0
2293,1527469630.0
2294,1527470310.0
2295,1527588460.0
2296,1527477057.0
2297,1527485257.0
2298,1527487478.0
2299,1527487851.0
2300,1527493125.0
2301,1527493956.0
2302,1527494703.0
2303,1527494941.0
2304,1527495280.0
2305,1527498327.0
2306,1527501476.0
2307,1527503365.0
2308,1527507086.0
2309,1527511135.0
2310,1527512542.0
2311,1527515720.0
2312,1527516083.0
2313,1527516139.0
2314,1527528571.0
2315,1527550652.0
2316,1527560852.0
2317,1527562702.0
2318,1527563835.0
2319,1527569864.0
2320,1527569975.0
2321,1527577570.0
2322,1527577837.0
2323,1527578291.0
2324,1527578559.0
2325,1527578802.0
2326,1527579755.0
2327,1527581902.0
2328,1527587197.0
2329,1527591068.0
2330,1527591148.0
2331,1527597161.0
2332,1527599836.0
2333,1527600436.0
2334,1527609486.0
2335,1527625809.0
2336,1527626584.0
2337,1527637876.0
2338,1527643335.0
2339,1527647482.0
2340,1527651587.0
2341,1527652601.0
2342,1527655640.0
2343,1527417578.0
2344,1527496929.0
2345,1527517497.0
2346,1527487002.0
2347,1527492504.0
2348,1527474415.0
2349,1527609742.0
2350,1527480159.0
2351,1527569753.0
2352,1527650674.0
2353,1527555070.0
2354,1527567733.0
2355,1527596229.0
2356,1527652232.0
2357,1527461282.0
2358,1527472036.0
2359,1527508923.0
2360,1527653433.0
2361,1527569746.0
2362,1527525840.0
2363,1527610479.0
2364,1527696648.0
2365,1527438270.0
2366,1527518711.0
2367,1527414129.0
2368,1527418480.0
2369,1527479552.0
2370,1527566244.0
2371,1527580679.0
2372,1527649830.0
2373,1527658193.0
2374,1527662689.0
2375,1527664025.0
2376,1527665840.0
2377,1527668572.0
2378,1527668752.0
2379,1527668871.0
2380,1527740605.0
2381,1527762001.0
2382,1527671629.0
2383,1527863454.0
2384,1527685773.0
2385,1527690347.0
2386,1527693360.0
2387,1527696140.0
2388,1527709911.0
2389,1527717540.0
2390,1527720332.0
2391,1527723002.0
2392,1527727295.0
2393,1527729663.0
2394,1527730947.0
2395,1527736470.0
2396,1527738021.0
2397,1527738496.0
2398,1527742262.0
2399,1527743806.0
2400,1527752022.0
2401,1527752562.0
2402,1527754034.0
2403,1527754653.0
2404,1527756964.0
2405,1527758106.0
2406,1527761638.0
2407,1527762339.0
2408,1527765249.0
2409,1527767044.0
2410,1527767631.0
2411,1527773149.0
2412,1527778912.0
2413,1527784477.0
2414,1527788206.0
2415,1527807037.0
2416,1527810999.0
2417,1527813685.0
2418,1527817233.0
2419,1527818570.0
2420,1527820490.0
2421,1527822347.0
2422,1527825752.0
2423,1527828298.0
2424,1527828803.0
2425,1527829488.0
2426,1527834930.0
2427,1527835179.0
2428,1527838635.0
2429,1527841040.0
2430,1527841722.0
2431,1527842476.0
2432,1527842845.0
2433,1527846548.0
2434,1527847334.0
2435,1527847567.0
2436,1527848729.0
2437,1527848956.0
2438,1527852212.0
2439,1527856694.0
2440,1527858918.0
2441,1527861501.0
2442,1527862175.0
2443,1527671586.0
2444,1527684397.0
2445,1527744983.0
2446,1527829913.0
2447,1527741109.0
2448,1527815853.0
2449,1527660107.0
2450,1527841803.0
2451,1527741399.0
2452,1527822877.0
2453,1527846528.0
2454,1527741195.0
2455,1527721033.0
2456,1527735894.0
2457,1527747733.0
2458,1527796883.0
2459,1527832920.0
2460,1527837113.0
2461,1527784441.0
2462,1527871572.0
2463,1527696619.0
2464,1527863789.0
2465,1527866817.0
2466,1527686196.0
2467,1527727410.0
2468,1527843174.0
2469,1527878623.0
2470,1527882300.0
2471,1527895553.0
2472,1528027253.0
2473,1527881418.0
2474,1527904958.0
2475,1527903345.0
2476,1527907321.0
2477,1527908786.0
2478,1527932715.0
2479,1527914152.0
2480,1527916460.0
2481,1528037271.0
2482,1527919023.0
2483,1527921057.0
2484,1527921953.0
2485,1527924026.0
2486,1527929021.0
2487,1527930229.0
2488,1527931903.0
2489,1527932531.0
2490,1527933484.0
2491,1527933607.0
2492,1527934074.0
2493,1527935328.0
2494,1527941801.0
2495,1527952296.0
2496,1527957269.0
2497,1527963126.0
2498,1527972542.0
2499,1527980655.0
2500,1527985737.0
2501,1527985860.0
2502,1527989003.0
2503,1527992908.0
2504,1527994340.0
2505,1527998094.0
2506,1528000804.0
2507,1528001109.0
2508,1528001130.0
2509,1528001516.0
2510,1528001707.0
2511,1528002052.0
2512,1528005259.0
2513,1528006839.0
2514,1528008901.0
2515,1528010819.0
2516,1528012232.0
2517,1528014019.0
2518,1528015581.0
2519,1528016173.0
2520,1528016242.0
2521,1528016802.0
2522,1528017230.0
2523,1528019933.0
2524,1528021160.0
2525,1528021195.0
2526,1528026568.0
2527,1528029024.0
2528,1528033990.0
2529,1528036284.0
2530,1528037114.0
2531,1528038727.0
2532,1528040996.0
2533,1528042012.0
2534,1528051583.0
2535,1528055368.0
2536,1528069380.0
2537,1528078135.0
2538,1527911507.0
2539,1527946278.0
2540,1527999904.0
2541,1528028688.0
2542,1527912557.0
2543,1528010380.0
2544,1528029824.0
2545,1527926743.0
2546,1527993861.0
2547,1527886874.0
2548,1527887747.0
2549,1528041953.0
2550,1528008993.0
2551,1528102065.0
2552,1527892387.0
2553,1527984127.0
2554,1527998492.0
2555,1528029874.0
2556,1527997976.0
2557,1527937399.0
2558,1527957911.0
2559,1528044785.0
2560,1528128452.0
2561,1527949198.0
2562,1527953036.0
2563,1527949312.0
2564,1527959137.0
2565,1527911857.0
2566,1527937002.0
2567,1528013451.0
2568,1528014375.0
2569,1528017483.0
2570,1528022256.0
2571,1528025736.0
2572,1528097705.0
2573,1528082370.0
2574,1528085675.0
2575,1528086055.0
2576,1528105274.0
2577,1528092288.0
2578,1528092341.0
2579,1528110371.0
2580,1528093436.0
2581,1528094145.0
2582,1528148866.0
2583,1528186078.0
2584,1528219442.0
2585,1528098864.0
2586,1528099882.0
2587,1528099943.0
2588,1528262900.0
2589,1528102462.0
2590,1528104781.0
2591,1528106183.0
2592,1528106380.0
2593,1528107703.0
2594,1528112620.0
2595,1528114365.0
2596,1528115628.0
2597,1528117009.0
2598,1528122471.0
2599,1528122480.0
2600,1528145151.0
2601,1528161749.0
2602,1528166595.0
2603,1528167542.0
2604,1528171147.0
2605,1528172807.0
2606,1528173644.0
2607,1528174400.0
2608,1528174417.0
2609,1528176870.0
2610,1528177092.0
2611,1528177804.0
2612,1528180473.0
2613,1528181007.0
2614,1528182061.0
2615,1528188176.0
2616,1528189520.0
2617,1528192637.0
2618,1528196774.0
2619,1528197452.0
2620,1528209690.0
2621,1528231575.0
2622,1528235824.0
2623,1528238734.0
2624,1528242937.0
2625,1528245533.0
2626,1528246803.0
2627,1528248757.0
2628,1528252873.0
2629,1528253128.0
2630,1528253539.0
2631,1528258927.0
2632,1528259507.0
2633,1528260257.0
2634,1528261003.0
2635,1528262533.0
2636,1528263136.0
2637,1528264243.0
2638,1528265258.0
2639,1528266507.0
2640,1528266898.0
2641,1528267088.0
2642,1528168477.0
2643,1528195627.0
2644,1528259880.0
2645,1528152646.0
2646,1528092515.0
2647,1528167468.0
2648,1528187593.0
2649,1528259339.0
2650,1528265652.0
2651,1528236891.0
2652,1528186957.0
2653,1528257836.0
2654,1528064990.0
2655,1528080007.0
2656,1528150640.0
2657,1528172767.0
2658,1528169850.0
2659,1528255346.0
2660,1528090251.0
2661,1528095010.0
2662,1528261593.0
2663,1528264103.0
2664,1528126909.0
2665,1528217904.0
2666,1528120620.0
2667,1528210943.0
2668,1528218668.0
2669,1528297632.0
2670,1528084304.0
2671,1528110004.0
2672,1528169203.0
2673,1528193321.0
2674,1528257074.0
2675,1528270038.0
2676,1528276519.0
2677,1528269391.0
2678,1528269476.0
2679,1528270040.0
2680,1528302290.0
2681,1528278206.0
2682,1528279501.0
2683,1528280044.0
2684,1528280564.0
2685,1528283462.0
2686,1528285354.0
2687,1528407238.0
2688,1528294522.0
2689,1528443773.0
2690,1528329131.0
2691,1528340668.0
2692,1528341338.0
2693,1528341441.0
2694,1528342993.0
2695,1528343411.0
2696,1528350090.0
2697,1528351268.0
2698,1528353146.0
2699,1528356510.0
2700,1528356970.0
2701,1528358949.0
2702,1528359390.0
2703,1528359481.0
2704,1528361517.0
2705,1528367762.0
2706,1528369284.0
2707,1528369445.0
2708,1528377020.0
2709,1528381879.0
2710,1528387423.0
2711,1528392702.0
2712,1528397055.0
2713,1528405653.0
2714,1528411177.0
2715,1528414694.0
2716,1528428317.0
2717,1528430335.0
2718,1528437322.0
2719,1528438274.0
2720,1528440471.0
2721,1528441483.0
2722,1528443238.0
2723,1528445690.0
2724,1528446707.0
2725,1528446947.0
2726,1528451774.0
2727,1528453776.0
2728,1528456933.0
2729,1528458123.0
2730,1528458911.0
2731,1528460023.0
2732,1528463932.0
2733,1528501223.0
2734,1528504140.0
2735,1528338412.0
2736,1528434800.0
2737,1528450887.0
2738,1528462650.0
2739,1528409967.0
2740,1528439375.0
2741,1528335749.0
2742,1528362453.0
2743,1528426009.0
2744,1528305611.0
2745,1528346622.0
2746,1528361698.0
2747,1528432739.0
2748,1528272327.0
2749,1528236495.0
2750,1528322838.0
2751,1528346877.0
2752,1528346095.0
2753,1528356837.0
2754,1528409343.0
2755,1528343496.0
2756,1528382163.0
2757,1528475766.0
2758,1528387021.0
2759,1528390545.0
2760,1528562552.0
2761,1528304119.0
2762,1528469371.0
2763,1528473598.0
2764,1528555936.0
2765,1528279377.0
2766,1528343172.0
2767,1528366111.0
2768,1528427238.0
2769,1528453629.0
2770,1528516095.0
2771,1528538882.0
2772,1528633428.0
2773,1528509176.0
2774,1528509495.0
2775,1528526020.0
2776,1528513614.0
2777,1528516345.0
2778,1528519981.0
2779,1528533055.0
2780,1528529685.0
2781,1528531064.0
2782,1528599338.0
2783,1528537648.0
2784,1528537742.0
2785,1528537904.0
2786,1528539268.0
2787,1528539438.0
2788,1528539628.0
2789,1528601761.0
2790,1528544705.0
2791,1528544736.0
2792,1528545698.0
2793,1528545973.0
2794,1528547259.0
2795,1528554515.0
2796,1528558634.0
2797,1528610940.0
2798,1528623017.0
2799,1528572511.0
2800,1528582570.0
2801,1528584263.0
2802,1528584400.0
2803,1528586776.0
2804,1528586983.0
2805,1528590890.0
2806,1528703368.0
2807,1528599033.0
2808,1528603132.0
2809,1528604066.0
2810,1528723182.0
2811,1528606280.0
2812,1528609821.0
2813,1528614158.0
2814,1528614748.0
2815,1528614962.0
2816,1528618497.0
2817,1528620733.0
2818,1528621750.0
2819,1528624508.0
2820,1528643693.0
2821,1528645732.0
2822,1528667601.0
2823,1528669297.0
2824,1528670942.0
2825,1528676203.0
2826,1528684497.0
2827,1528686586.0
2828,1528689756.0
2829,1528693650.0
2830,1528695430.0
2831,1528696342.0
2832,1528699876.0
2833,1528705207.0
2834,1528706154.0
2835,1528708288.0
2836,1528710162.0
2837,1528714374.0
2838,1528720635.0
2839,1528720848.0
2840,1528727685.0
2841,1528515186.0
2842,1528535126.0
2843,1528689992.0
2844,1528720782.0
2845,1528555343.0
2846,1528642586.0
2847,1528727542.0
2848,1528714761.0
2849,1528527221.0
2850,1528562692.0
2851,1528531892.0
2852,1528589250.0
2853,1528603531.0
2854,1528628002.0
2855,1528525364.0
2856,1528633758.0
2857,1528495897.0
2858,1528515921.0
2859,1528518368.0
2860,1528605210.0
2861,1528616010.0
2862,1528670728.0
2863,1528691962.0
2864,1528691678.0
2865,1528695649.0
2866,1528615919.0
2867,1528616416.0
2868,1528619212.0
2869,1528733953.0
2870,1528565572.0
2871,1528646933.0
2872,1528639506.0
2873,1528644204.0
2874,1528732187.0
2875,1528735055.0
2876,1528618201.0
2877,1528623556.0
2878,1528642822.0
2879,1528644808.0
2880,1528686845.0
2881,1528703448.0
2882,1528773752.0
2883,1528730332.0
2884,1528734687.0
2885,1528743144.0
2886,1528759267.0
2887,1528733755.0
2888,1528761177.0
2889,1528761408.0
2890,1528769085.0
2891,1528770294.0
2892,1528774130.0
2893,1528775054.0
2894,1528777391.0
2895,1528778822.0
2896,1528766127.0
2897,1528805806.0
2898,1528781577.0
2899,1528781811.0
2900,1528782572.0
2901,1528782903.0
2902,1528784834.0
2903,1528785370.0
2904,1528785812.0
2905,1528787455.0
2906,1528787840.0
2907,1528791616.0
2908,1528791668.0
2909,1528791946.0
2910,1528792921.0
2911,1528794325.0
2912,1528795332.0
2913,1528801477.0
2914,1528948894.0
2915,1528804965.0
2916,1528807165.0
2917,1528808531.0
2918,1528812299.0
2919,1528817303.0
2920,1528826122.0
2921,1528844015.0
2922,1528850845.0
2923,1528855777.0
2924,1528858081.0
2925,1528862272.0
2926,1528864896.0
2927,1528867953.0
2928,1528868345.0
2929,1528868847.0
2930,1528873788.0
2931,1528874215.0
2932,1528874362.0
2933,1528875538.0
2934,1528875711.0
2935,1528877910.0
2936,1528877916.0
2937,1528878025.0
2938,1528878961.0
2939,1528880216.0
2940,1528881420.0
2941,1528881465.0
2942,1528882030.0
2943,1528882724.0
2944,1528884476.0
2945,1528886218.0
2946,1528887985.0
2947,1528904475.0
2948,1528908822.0
2949,1528925735.0
2950,1528931253.0
2951,1528932715.0
2952,1528935455.0
2953,1528945428.0
2954,1528949372.0
2955,1528951315.0
2956,1528953869.0
2957,1528731357.0
2958,1528951146.0
2959,1528785917.0
2960,1528878799.0
2961,1528911147.0
2962,1528948519.0
2963,1528779749.0
2964,1528953123.0
2965,1528756627.0
2966,1528844174.0
2967,1528912545.0
2968,1528865011.0
2969,1528779911.0
2970,1528945067.0
2971,1528646812.0
2972,1529223738.0
2973,1529225912.0
2974,1529236897.0
2975,1529249399.0
2976,1528819814.0
2977,1528907467.0
2978,1528992519.0
2979,1528813531.0
2980,1528823126.0
2981,1528904066.0
2982,1528906536.0
2983,1528789922.0
2984,1528862303.0
2985,1528882623.0
2986,1528946159.0
2987,1528963777.0
2988,1528966638.0
2989,1528976111.0
2990,1528990378.0
2991,1528990640.0
2992,1528996600.0
2993,1529003842.0
2994,1529013569.0
2995,1529023244.0
2996,1529027246.0
2997,1529027383.0
2998,1529027902.0
2999,1529029016.0
3000,1529033310.0
3001,1529036548.0
3002,1529038071.0
3003,1529041834.0
3004,1529042345.0
3005,1529044281.0
3006,1529049545.0
3007,1529053930.0
3008,1529054374.0
3009,1529057574.0
3010,1529057709.0
3011,1529064571.0
3012,1529074559.0
3013,1529085826.0
3014,1529095557.0
3015,1529097647.0
3016,1529109391.0
3017,1529109552.0
3018,1529109709.0
3019,1529111501.0
3020,1529114547.0
3021,1529117470.0
3022,1529117687.0
3023,1529122274.0
3024,1529125338.0
3025,1529127769.0
3026,1529130107.0
3027,1529135087.0
3028,1529144938.0
3029,1529144950.0
3030,1529145245.0
3031,1529146914.0
3032,1529147788.0
3033,1529150420.0
3034,1529151133.0
3035,1529151815.0
3036,1529153372.0
3037,1529158112.0
3038,1529179670.0
3039,1529180219.0
3040,1529183262.0
3041,1529186577.0
3042,1529190788.0
3043,1529192743.0
3044,1529194414.0
3045,1529200254.0
3046,1529200569.0
3047,1529201696.0
3048,1529202804.0
3049,1529204604.0
3050,1529209074.0
3051,1529036573.0
3052,1529070696.0
3053,1529125835.0
3054,1529152183.0
3055,1529180491.0
3056,1529222881.0
3057,1529107252.0
3058,1529044362.0
3059,1529177691.0
3060,1529035583.0
3061,1529052452.0
3062,1529119026.0
3063,1529138643.0
3064,1529224739.0
3065,1529016651.0
3066,1529026484.0
3067,1529124101.0
3068,1529211097.0
3069,1529039520.0
3070,1529040161.0
3071,1529050063.0
3072,1529123461.0
3073,1529826799.0
3074,1529827276.0
3075,1529847779.0
3076,1529854341.0
3077,1529081040.0
3078,1529166966.0
3079,1529253461.0
3080,1529081082.0
3081,1529164817.0
3082,1529244735.0
3083,1528963998.0
3084,1529034699.0
3085,1529057777.0
3086,1529120596.0
3087,1529205810.0
3088,1529229572.0
3089,1529232731.0
3090,1529236659.0
3091,1529211169.0
3092,1529211224.0
3093,1529239758.0
3094,1529214527.0
3095,1529214992.0
3096,1529215949.0
3097,1529217148.0
3098,1529217341.0
3099,1529218193.0
3100,1529221128.0
3101,1529227964.0
3102,1529229790.0
3103,1529229836.0
3104,1529230257.0
3105,1529232355.0
3106,1529233705.0
3107,1529236944.0
3108,1529237276.0
3109,1529237740.0
3110,1529242267.0
3111,1529249178.0
3112,1529249302.0
3113,1529252698.0
3114,1529277596.0
3115,1529278822.0
3116,1529279553.0
3117,1529284561.0
3118,1529284993.0
3119,1529285526.0
3120,1529285547.0
3121,1529293639.0
3122,1529295509.0
3123,1529296231.0
3124,1529300788.0
3125,1529302416.0
3126,1529308159.0
3127,1529309571.0
3128,1529310438.0
3129,1529312910.0
3130,1529314806.0
3131,1529315335.0
3132,1529317839.0
3133,1529318447.0
3134,1529321952.0
3135,1529322164.0
3136,1529324830.0
3137,1529326380.0
3138,1529327579.0
3139,1529327617.0
3140,1529330766.0
3141,1529331233.0
3142,1529339540.0
3143,1529342274.0
3144,1529359142.0
3145,1529367660.0
3146,1529371356.0
3147,1529376065.0
3148,1529376195.0
3149,1529377698.0
3150,1529386106.0
3151,1529387371.0
3152,1529388128.0
3153,1529388613.0
3154,1529389557.0
3155,1529390407.0
3156,1529393810.0
3157,1529394957.0
3158,1529397929.0
3159,1529399177.0
3160,1529399247.0
3161,1529400010.0
3162,1529402148.0
3163,1529402882.0
3164,1529405225.0
3165,1529405363.0
3166,1529405575.0
3167,1529216712.0
3168,1529231199.0
3169,1529320994.0
3170,1529335972.0
3171,1529375635.0
3172,1529233330.0
3173,1529297706.0
3174,1529396871.0
3175,1529384161.0
3176,1529287691.0
3177,1529391418.0
3178,1529400750.0
3179,1529217471.0
3180,1529275941.0
3181,1529216041.0
3182,1529324274.0
3183,1529377083.0
3184,1529388751.0
3185,1529338535.0
3186,1529425781.0
3187,1529332365.0
3188,1529337151.0
3189,1529415749.0
3190,1529421408.0
3191,1529238107.0
3192,1529294274.0
3193,1529311489.0
3194,1529379728.0
3195,1529486349.0
3196,1529408668.0
3197,1529408820.0
3198,1529410543.0
3199,1529535332.0
3200,1529415453.0
3201,1529420187.0
3202,1529421005.0
3203,1529427772.0
3204,1529429941.0
3205,1529439404.0
3206,1529449968.0
3207,1529454507.0
3208,1529456844.0
3209,1529457254.0
3210,1529458626.0
3211,1529459524.0
3212,1529463606.0
3213,1529465106.0
3214,1529469427.0
3215,1529475440.0
3216,1529478880.0
3217,1529478989.0
3218,1529482101.0
3219,1529482178.0
3220,1529482359.0
3221,1529482401.0
3222,1529483181.0
3223,1529484175.0
3224,1529488196.0
3225,1529488219.0
3226,1529492104.0
3227,1529493578.0
3228,1529493640.0
3229,1529495978.0
3230,1529497392.0
3231,1529501132.0
3232,1529502088.0
3233,1529507016.0
3234,1529517843.0
3235,1529518891.0
3236,1529537285.0
3237,1529538478.0
3238,1529539909.0
3239,1529541810.0
3240,1529541971.0
3241,1529546764.0
3242,1529553643.0
3243,1529554875.0
3244,1529555420.0
3245,1529556065.0
3246,1529556101.0
3247,1529557437.0
3248,1529559180.0
3249,1529559549.0
3250,1529559775.0
3251,1529561036.0
3252,1529562997.0
3253,1529566092.0
3254,1529566912.0
3255,1529568010.0
3256,1529569289.0
3257,1529569317.0
3258,1529569366.0
3259,1529570468.0
3260,1529571754.0
3261,1529572810.0
3262,1529573666.0
3263,1529577531.0
3264,1529578877.0
3265,1529583796.0
3266,1529584789.0
3267,1529594155.0
3268,1529594433.0
3269,1529596732.0
3270,1529613910.0
3271,1529413363.0
3272,1529475686.0
3273,1529497091.0
3274,1529508326.0
3275,1529546621.0
3276,1529590084.0
3277,1529524759.0
3278,1529583702.0
3279,1529584636.0
3280,1529587912.0
3281,1529467097.0
3282,1529448447.0
3283,1529534223.0
3284,1529561745.0
3285,1529467683.0
3286,1529557364.0
3287,1529510405.0
3288,1529600105.0
3289,1529510331.0
3290,1529585280.0
3291,1529598820.0
3292,1529465520.0
3293,1529552844.0
3294,1529576482.0
3295,1529393654.0
3296,1529484161.0
3297,1529842492.0
3298,1529624203.0
3299,1529630251.0
3300,1529636375.0
3301,1529642061.0
3302,1529646124.0
3303,1529647212.0
3304,1529651174.0
3305,1529653224.0
3306,1529655112.0
3307,1529657979.0
3308,1529659888.0
3309,1529662947.0
3310,1529663800.0
3311,1529664315.0
3312,1529664622.0
3313,1529664817.0
3314,1529665612.0
3315,1529673420.0
3316,1529675081.0
3317,1529683480.0
3318,1529684716.0
3319,1529704270.0
3320,1529706021.0
3321,1529710349.0
3322,1529713986.0
3323,1529714881.0
3324,1529732363.0
3325,1529739183.0
3326,1529741624.0
3327,1529743131.0
3328,1529743808.0
3329,1529749277.0
3330,1529752140.0
3331,1529752515.0
3332,1529756016.0
3333,1529757778.0
3334,1529758380.0
3335,1529758582.0
3336,1529758826.0
3337,1529761043.0
3338,1529761829.0
3339,1529762196.0
3340,1529767845.0
3341,1529768437.0
3342,1529794819.0
3343,1529798554.0
3344,1529799142.0
3345,1529801388.0
3346,1529805966.0
3347,1529808731.0
3348,1529810194.0
3349,1529810429.0
3350,1529813309.0
3351,1529813330.0
3352,1529813449.0
3353,1529815270.0
3354,1529815626.0
3355,1529819215.0
3356,1529819332.0
3357,1529822277.0
3358,1529822904.0
3359,1529825109.0
3360,1529828109.0
3361,1529830993.0
3362,1529835245.0
3363,1529838823.0
3364,1529736726.0
3365,1529816041.0
3366,1529732350.0
3367,1529798092.0
3368,1529646703.0
3369,1529650901.0
3370,1529673258.0
3371,1529725086.0
3372,1529815215.0
3373,1529764685.0
3374,1529620130.0
3375,1529637475.0
3376,1529805227.0
3377,1529623897.0
3378,1529626260.0
3379,1529642802.0
3380,1529750075.0
3381,1529814608.0
3382,1529821055.0
3383,1529729266.0
3384,1529730520.0
3385,1529812707.0
3386,1529683455.0
3387,1529859358.0
3388,1529757313.0
3389,1529851853.0
3390,1529576757.0
3391,1529830105.0
3392,1529842324.0
3393,1529842416.0
3394,1529843667.0
3395,1529844048.0
3396,1529849896.0
3397,1529849946.0
3398,1529852832.0
3399,1529880339.0
3400,1529889647.0
3401,1529896835.0
3402,1529898710.0
3403,1529898736.0
3404,1529899607.0
3405,1529901444.0
3406,1529904220.0
3407,1529904308.0
3408,1529905921.0
3409,1529907521.0
3410,1529908120.0
3411,1529908198.0
3412,1529909692.0
3413,1529910292.0
3414,1529910589.0
3415,1529912578.0
3416,1529914143.0
3417,1529914920.0
3418,1529919118.0
3419,1529919623.0
3420,1529923338.0
3421,1529924515.0
3422,1529928767.0
3423,1529929315.0
3424,1529933374.0
3425,1529933646.0
3426,1529944562.0
3427,1529948040.0
3428,1529961515.0
3429,1529991488.0
3430,1529995790.0
3431,1529996825.0
3432,1530001162.0
3433,1530002311.0
3434,1530009184.0
3435,1530013924.0
3436,1530033951.0
3437,1530049006.0
3438,1530055711.0
3439,1530056780.0
3440,1530063325.0
3441,1530064210.0
3442,1530069136.0
3443,1530071263.0
3444,1530073514.0
3445,1530075264.0
3446,1530079056.0
3447,1530079233.0
3448,1530082573.0
3449,1530086579.0
3450,1529936853.0
3451,1530024381.0
3452,1530072538.0
3453,1529896212.0
3454,1529992453.0
3455,1530111571.0
3456,1529999566.0
3457,1529913064.0
3458,1529958899.0
3459,1530060242.0
3460,1530084226.0
3461,1529905151.0
3462,1529916795.0
3463,1529815186.0
3464,1529879539.0
3465,1530052184.0
3466,1530067107.0
3467,1529892784.0
3468,1529967634.0
3469,1529994014.0
3470,1530000699.0
3471,1530064731.0
3472,1530077405.0
3473,1529900628.0
3474,1529904889.0
3475,1530079813.0
3476,1529942052.0
3477,1530022209.0
3478,1530027656.0
3479,1529945913.0
3480,1530030821.0
3481,1530116689.0
3482,1530110002.0
3483,1529897174.0
3484,1529923204.0
3485,1529983340.0
3486,1530008665.0
3487,1530069694.0
3488,1530087438.0
3489,1530087574.0
3490,1530090286.0
3491,1530093226.0
3492,1530093941.0
3493,1530094139.0
3494,1530097996.0
3495,1530106511.0
3496,1530107243.0
3497,1530109296.0
3498,1530112432.0
3499,1530130164.0
3500,1530139825.0
3501,1530142860.0
3502,1530143455.0
3503,1530144989.0
3504,1530147500.0
3505,1530155303.0
3506,1530156366.0
3507,1530157223.0
3508,1530157414.0
3509,1530160065.0
3510,1530162721.0
3511,1530163251.0
3512,1530168433.0
3513,1530170821.0
3514,1530175937.0
3515,1530176877.0
3516,1530178288.0
3517,1530179314.0
3518,1530179508.0
3519,1530181339.0
3520,1530183670.0
3521,1530187448.0
3522,1530192981.0
3523,1530200729.0
3524,1530208343.0
3525,1530232073.0
3526,1530235020.0
3527,1530238251.0
3528,1530238861.0
3529,1530242504.0
3530,1530246845.0
3531,1530247414.0
3532,1530249234.0
3533,1530249690.0
3534,1530250222.0
3535,1530252012.0
3536,1530256815.0
3537,1530259140.0
3538,1530260202.0
3539,1530262551.0
3540,1530263690.0
3541,1530271205.0
3542,1530276798.0
3543,1530278368.0
3544,1530279287.0
3545,1530322622.0
3546,1530325874.0
3547,1530326094.0
3548,1530164151.0
3549,1530180846.0
3550,1530243520.0
3551,1530273593.0
3552,1530294571.0
3553,1530203543.0
3554,1530166595.0
3555,1530270576.0
3556,1530274973.0
3557,1530164729.0
3558,1530167888.0
3559,1530249531.0
3560,1530148715.0
3561,1530228767.0
3562,1530241679.0
3563,1530139730.0
3564,1530157981.0
3565,1530223540.0
3566,1530246430.0
3567,1530235610.0
3568,1530287794.0
3569,1530252598.0
3570,1530194810.0
3571,1530289001.0
3572,1530202995.0
3573,1530112031.0
3574,1530208290.0
3575,1530281287.0
3576,1530285573.0
3577,1530100422.0
3578,1530157386.0
3579,1530180417.0
3580,1530243962.0
3581,1530267838.0
3582,1530449912.0
3583,1530332451.0
3584,1530332672.0
3585,1530335229.0
3586,1530345328.0
3587,1530345807.0
3588,1530347574.0
3589,1530347828.0
3590,1530348999.0
3591,1530350403.0
3592,1530350444.0
3593,1530351136.0
3594,1530351570.0
3595,1530355912.0
3596,1530358977.0
3597,1530359847.0
3598,1530368544.0
3599,1530369661.0
3600,1530405130.0
3601,1530418835.0
3602,1530420185.0
3603,1530420504.0
3604,1530422442.0
3605,1530429229.0
3606,1530429372.0
3607,1530429920.0
3608,1530430972.0
3609,1530432339.0
3610,1530433326.0
3611,1530434711.0
3612,1530435321.0
3613,1530436628.0
3614,1530440628.0
3615,1530442500.0
3616,1530444132.0
3617,1530444917.0
3618,1530448121.0
3619,1530449905.0
3620,1530450932.0
3621,1530451036.0
3622,1530454239.0
3623,1530455073.0
3624,1530458398.0
3625,1530472564.0
3626,1530475361.0
3627,1530477749.0
3628,1530479401.0
3629,1530484015.0
3630,1530492180.0
3631,1530493992.0
3632,1530494075.0
3633,1530494266.0
3634,1530494461.0
3635,1530498784.0
3636,1530503243.0
3637,1530504901.0
3638,1530510065.0
3639,1530511877.0
3640,1530512503.0
3641,1530514534.0
3642,1530515648.0
3643,1530516720.0
3644,1530517265.0
3645,1530518488.0
3646,1530518848.0
3647,1530519389.0
3648,1530519995.0
3649,1530522017.0
3650,1530362914.0
3651,1530377425.0
3652,1530456512.0
3653,1530394732.0
3654,1530502248.0
3655,1530338227.0
3656,1530381623.0
3657,1530352355.0
3658,1530501961.0
3659,1530503826.0
3660,1530422096.0
3661,1530425856.0
3662,1530501740.0
3663,1530515206.0
3664,1530313127.0
3665,1530328002.0
3666,1530368760.0
3667,1530414999.0
3668,1530488295.0
3669,1530498167.0
3670,1530500498.0
3671,1530447210.0
3672,1530434363.0
3673,1530435284.0
3674,1530458978.0
3675,1530461553.0
3676,1530376313.0
3677,1530461315.0
3678,1530548391.0
3679,1530369703.0
3680,1530373552.0
3681,1530455670.0
3682,1530461947.0
3683,1530540814.0
3684,1530345920.0
3685,1530522922.0
3686,1530523824.0
3687,1530523928.0
3688,1530529369.0
3689,1530543900.0
3690,1530546147.0
3691,1530551750.0
3692,1530553294.0
3693,1530582372.0
3694,1530584608.0
3695,1530585438.0
3696,1530586195.0
3697,1530592758.0
3698,1530594906.0
3699,1530598674.0
3700,1530599326.0
3701,1530599376.0
3702,1530601990.0
3703,1530602273.0
3704,1530603982.0
3705,1530606632.0
3706,1530607022.0
3707,1530607789.0
3708,1530609781.0
3709,1530612351.0
3710,1530615135.0
3711,1530615312.0
3712,1530616939.0
3713,1530641977.0
3714,1530663734.0
3715,1530664688.0
3716,1530669111.0
3717,1530677549.0
3718,1530680020.0
3719,1530682372.0
3720,1530684074.0
3721,1530684130.0
3722,1530687526.0
3723,1530693033.0
3724,1530694734.0
3725,1530695301.0
3726,1530697493.0
3727,1530703434.0
3728,1530703508.0
3729,1530703668.0
3730,1530708556.0
3731,1530713196.0
3732,1530713453.0
3733,1530714341.0
3734,1530718671.0
3735,1530726153.0
3736,1530740138.0
3737,1530740153.0
3738,1530742674.0
3739,1530747893.0
3740,1530757861.0
3741,1530759125.0
3742,1530759360.0
3743,1530763516.0
3744,1530767767.0
3745,1530634212.0
3746,1530651494.0
3747,1530698128.0
3748,1530707101.0
3749,1530766191.0
3750,1530678356.0
3751,1530656653.0
3752,1530582435.0
3753,1530532004.0
3754,1530586724.0
3755,1530599749.0
3756,1530538962.0
3757,1530588954.0
3758,1530756395.0
3759,1530607724.0
3760,1530721083.0
3761,1530748077.0
3762,1530754658.0
3763,1530768376.0
3764,1530527420.0
3765,1530581973.0
3766,1530586960.0
3767,1530689583.0
3768,1530754284.0
3769,1530599500.0
3770,1530767624.0
3771,1530637009.0
3772,1530722313.0
3773,1530807263.0
3774,1530547625.0
3775,1530629553.0
3776,1530633969.0
3777,1530800722.0
3778,1530807735.0
3779,1530501434.0
3780,1530555734.0
3781,1530589968.0
3782,1530622680.0
3783,1530675320.0
3784,1530708575.0
3785,1530771431.0
3786,1530772760.0
3787,1530773526.0
3788,1530773894.0
3789,1530776248.0
3790,1530777266.0
3791,1530778198.0
3792,1530778222.0
3793,1530779646.0
3794,1530780736.0
3795,1530783162.0
3796,1530784133.0
3797,1530786962.0
3798,1530786995.0
3799,1530788734.0
3800,1530788793.0
3801,1530789384.0
3802,1530793096.0
3803,1530796722.0
3804,1530809064.0
3805,1530829201.0
3806,1530832308.0
3807,1530843776.0
3808,1530846826.0
3809,1530849393.0
3810,1530850545.0
3811,1530851347.0
3812,1530857770.0
3813,1530860178.0
3814,1530861654.0
3815,1530863890.0
3816,1530865852.0
3817,1530866934.0
3818,1530868578.0
3819,1530871561.0
3820,1530873453.0
3821,1530874632.0
3822,1530875021.0
3823,1530875644.0
3824,1530878941.0
3825,1530883582.0
3826,1530916810.0
3827,1530934945.0
3828,1530935460.0
3829,1530936050.0
3830,1530941011.0
3831,1530943916.0
3832,1530944779.0
3833,1530946773.0
3834,1530947621.0
3835,1530948246.0
3836,1530952323.0
3837,1530952500.0
3838,1530954629.0
3839,1530954988.0
3840,1530956076.0
3841,1530957262.0
3842,1530958669.0
3843,1530959609.0
3844,1530959848.0
3845,1530963872.0
3846,1530974037.0
3847,1530980656.0
3848,1530992580.0
3849,1530993020.0
3850,1530852756.0
3851,1530878713.0
3852,1530939931.0
3853,1530831791.0
3854,1530916595.0
3855,1530943143.0
3856,1530847299.0
3857,1530927068.0
3858,1530853824.0
3859,1530827978.0
3860,1530849347.0
3861,1530858724.0
3862,1530860176.0
3863,1530788441.0
3864,1530794018.0
3865,1530844289.0
3866,1530964391.0
3867,1530744263.0
3868,1530829371.0
3869,1530917752.0
3870,1530844486.0
3871,1530860605.0
3872,1530839004.0
3873,1530895418.0
3874,1530980418.0
3875,1530885307.0
3876,1530892372.0
3877,1530972667.0
3878,1530975924.0
3879,1530761100.0
3880,1530795445.0
3881,1530847007.0
3882,1530867417.0
3883,1531046424.0
3884,1531050605.0
3885,1531052443.0
3886,1530997578.0
3887,1531002230.0
3888,1531006224.0
3889,1531009794.0
3890,1531053288.0
3891,1531017615.0
3892,1531026158.0
3893,1531026924.0
3894,1531028797.0
3895,1531036184.0
3896,1531038786.0
3897,1531041180.0
3898,1531041398.0
3899,1531043908.0
3900,1531046930.0
3901,1531047157.0
3902,1531047795.0
3903,1531052098.0
3904,1531052936.0
3905,1531053090.0
3906,1531057510.0
3907,1531065172.0
3908,1531071461.0
3909,1531086979.0
3910,1531090573.0
3911,1531091209.0
3912,1531096118.0
3913,1531098685.0
3914,1531099504.0
3915,1531100283.0
3916,1531100644.0
3917,1531101158.0
3918,1531103898.0
3919,1531110001.0
3920,1531113116.0
3921,1531118044.0
3922,1531120043.0
3923,1531122787.0
3924,1531123113.0
3925,1531123204.0
3926,1531123528.0
3927,1531125476.0
3928,1531128278.0
3929,1531130924.0
3930,1531132935.0
3931,1531142136.0
3932,1531142884.0
3933,1531143651.0
3934,1531146430.0
3935,1531149054.0
3936,1531184609.0
3937,1531199131.0
3938,1531200122.0
3939,1531200681.0
3940,1531203383.0
3941,1531205892.0
3942,1531209445.0
3943,1531209734.0
3944,1531212456.0
3945,1531217850.0
3946,1531218641.0
3947,1531221082.0
3948,1531229860.0
3949,1531031089.0
3950,1531061308.0
3951,1531111208.0
3952,1531189154.0
3953,1531101870.0
3954,1531025890.0
3955,1531050422.0
3956,1531112694.0
3957,1531116777.0
3958,1531186863.0
3959,1531195555.0
3960,1530991986.0
3961,1531038095.0
3962,1531052838.0
3963,1531053865.0
3964,1531054485.0
3965,1531090242.0
3966,1531109430.0
3967,1531045769.0
3968,1531094828.0
3969,1531119770.0
3970,1531162704.0
3971,1531179977.0
3972,1531182971.0
3973,1531188849.0
3974,1531219945.0
3975,1531219940.0
3976,1531228717.0
3977,1531229148.0
3978,1531037168.0
3979,1531039290.0
3980,1531042728.0
3981,1531071414.0
3982,1531152452.0
3983,1531240122.0
3984,1531061772.0
3985,1531065457.0
3986,1531145093.0
3987,1531150401.0
3988,1531232927.0
3989,1531054820.0
3990,1531061746.0
3991,1531108070.0
3992,1531124860.0
3993,1531240043.0
3994,1531256633.0
3995,1531257927.0
3996,1531262802.0
3997,1531266492.0
3998,1531269062.0
3999,1531274614.0
4000,1531278191.0
4001,1531282815.0
4002,1531283425.0
4003,1531285612.0
4004,1531285727.0
4005,1531286273.0
4006,1531286472.0
4007,1531286923.0
4008,1531288197.0
4009,1531291998.0
4010,1531295447.0
4011,1531296500.0
4012,1531297943.0
4013,1531298127.0
4014,1531300425.0
4015,1531302993.0
4016,1531304664.0
4017,1531310058.0
4018,1531310419.0
4019,1531311754.0
4020,1531312343.0
4021,1531315503.0
4022,1531317345.0
4023,1531317535.0
4024,1531341965.0
4025,1531346560.0
4026,1531365939.0
4027,1531369987.0
4028,1531372713.0
4029,1531372816.0
4030,1531373440.0
4031,1531374171.0
4032,1531379389.0
4033,1531380548.0
4034,1531382549.0
4035,1531382791.0
4036,1531383718.0
4037,1531386110.0
4038,1531386679.0
4039,1531391277.0
4040,1531395900.0
4041,1531401481.0
4042,1531402519.0
4043,1531403866.0
4044,1531408211.0
4045,1531417259.0
4046,1531421121.0
4047,1531434248.0
4048,1531445577.0
4049,1531448498.0
4050,1531449469.0
4051,1531449698.0
4052,1531450006.0
4053,1531452317.0
4054,1531248079.0
4055,1531284970.0
4056,1531332553.0
4057,1531368350.0
4058,1531385645.0
4059,1531397436.0
4060,1531385527.0
4061,1531285976.0
4062,1531345688.0
4063,1531311037.0
4064,1531375326.0
4065,1531376082.0
4066,1531431229.0
4067,1531263229.0
4068,1531348036.0
4069,1531333748.0
4070,1531308637.0
4071,1531388095.0
4072,1531326209.0
4073,1531412278.0
4074,1531324654.0
4075,1531246371.0
4076,1531320102.0
4077,1531408615.0
4078,1531280334.0
4079,1531296275.0
4080,1531365151.0
4081,1531383572.0
4082,1531450973.0
4083,1531453391.0
4084,1531656054.0
4085,1531456911.0
4086,1531457600.0
4087,1531459368.0
4088,1531657563.0
4089,1531462886.0
4090,1531464040.0
4091,1531464484.0
4092,1531464722.0
4093,1531604735.0
4094,1531465294.0
4095,1531466455.0
4096,1531466845.0
4097,1531467723.0
4098,1531469181.0
4099,1531471345.0
4100,1531471952.0
4101,1531474699.0
4102,1531475419.0
4103,1531475532.0
4104,1531476414.0
4105,1531477477.0
4106,1531477668.0
4107,1531481782.0
4108,1531482089.0
4109,1531483891.0
4110,1531494739.0
4111,1531499103.0
4112,1531506714.0
4113,1531522556.0
4114,1531523960.0
4115,1531531992.0
4116,1531539695.0
4117,1531549472.0
4118,1531550160.0
4119,1531550799.0
4120,1531554982.0
4121,1531557174.0
4122,1531557218.0
4123,1531558295.0
4124,1531558775.0
4125,1531559548.0
4126,1531562400.0
4127,1531562631.0
4128,1531564015.0
4129,1531565102.0
4130,1531565166.0
4131,1531565941.0
4132,1531566084.0
4133,1531566613.0
4134,1531567067.0
4135,1531568010.0
4136,1531568262.0
4137,1531579507.0
4138,1531584330.0
4139,1531586841.0
4140,1531598893.0
4141,1531605875.0
4142,1531613434.0
4143,1531616819.0
4144,1531619545.0
4145,1531623107.0
4146,1531633954.0
4147,1531635314.0
4148,1531635921.0
4149,1531636055.0
4150,1531636926.0
4151,1531640106.0
4152,1531640257.0
4153,1531642885.0
4154,1531648810.0
4155,1531652614.0
4156,1531654569.0
4157,1531654640.0
4158,1531654921.0
4159,1531657961.0
4160,1531659838.0
4161,1531660292.0
4162,1531665345.0
4163,1531667040.0
4164,1531562607.0
4165,1531453267.0
4166,1531492755.0
4167,1531558368.0
4168,1531572630.0
4169,1531626669.0
4170,1531455691.0
4171,1531501529.0
4172,1531645071.0
4173,1531460119.0
4174,1531625154.0
4175,1531458096.0
4176,1531560265.0
4177,1531650384.0
4178,1531499242.0
4179,1531643690.0
4180,1531585928.0
4181,1531671054.0
4182,1531577346.0
4183,1531582832.0
4184,1531664553.0
4185,1531668980.0
4186,1531470488.0
4187,1531539047.0
4188,1531567336.0
4189,1531643067.0
4190,1531665441.0
4191,1531668802.0
4192,1531669760.0
4193,1531671617.0
4194,1531672043.0
4195,1531678324.0
4196,1531699934.0
4197,1531703331.0
4198,1531709279.0
4199,1531712375.0
4200,1531713738.0
4201,1531714275.0
4202,1531718047.0
4203,1531725177.0
4204,1531726389.0
4205,1531726545.0
4206,1531729132.0
4207,1531730332.0
4208,1531731056.0
4209,1531732766.0
4210,1531734740.0
4211,1531737058.0
4212,1531738761.0
4213,1531739859.0
4214,1531740092.0
4215,1531740127.0
4216,1531741707.0
4217,1531745039.0
4218,1531745202.0
4219,1531774923.0
4220,1531785630.0
4221,1531794662.0
4222,1531797640.0
4223,1531799587.0
4224,1531802605.0
4225,1531807208.0
4226,1531808049.0
4227,1531809891.0
4228,1531810800.0
4229,1531813056.0
4230,1531813415.0
4231,1531814441.0
4232,1531815094.0
4233,1531815629.0
4234,1531816710.0
4235,1531816996.0
4236,1531819436.0
4237,1531823193.0
4238,1531823408.0
4239,1531826154.0
4240,1531827359.0
4241,1531834389.0
4242,1531839302.0
4243,1531840020.0
4244,1531844559.0
4245,1531872177.0
4246,1531878239.0
4247,1531882685.0
4248,1531885375.0
4249,1531886700.0
4250,1531887521.0
4251,1531889982.0
4252,1531891692.0
4253,1531892292.0
4254,1531895656.0
4255,1531897074.0
4256,1531897318.0
4257,1531897505.0
4258,1531898021.0
4259,1531898499.0
4260,1531899473.0
4261,1531900779.0
4262,1531748839.0
4263,1531800237.0
4264,1531885695.0
4265,1531715542.0
4266,1531724926.0
4267,1531874345.0
4268,1531691674.0
4269,1531783558.0
4270,1531891507.0
4271,1531894128.0
4272,1531894789.0
4273,1531692808.0
4274,1531781946.0
4275,1531868156.0
4276,1531646651.0
4277,1531667296.0
4278,1531674386.0
4279,1531757113.0
4280,1531844789.0
4281,1531930889.0
4282,1531754345.0
4283,1531758557.0
4284,1531834074.0
4285,1531841010.0
4286,1531712874.0
4287,1531745253.0
4288,1531797851.0
4289,1531814745.0
4290,1531886120.0
4291,1531900878.0
4292,1531900978.0
4293,1531902023.0
4294,1531902943.0
4295,1531909840.0
4296,1531911325.0
4297,1531912060.0
4298,1531918179.0
4299,1531922146.0
4300,1531923199.0
4301,1531927729.0
4302,1531953553.0
4303,1531957681.0
4304,1531962779.0
4305,1531963390.0
4306,1531967719.0
4307,1531969435.0
4308,1531971743.0
4309,1531974021.0
4310,1531976324.0
4311,1531978901.0
4312,1531979480.0
4313,1531984254.0
4314,1531984548.0
4315,1531991316.0
4316,1531997463.0
4317,1531999793.0
4318,1532002952.0
4319,1532012339.0
4320,1532014967.0
4321,1532016592.0
4322,1532016962.0
4323,1532023670.0
4324,1532032856.0
4325,1532033304.0
4326,1532042287.0
4327,1532044670.0
4328,1532045769.0
4329,1532045827.0
4330,1532046185.0
4331,1532047933.0
4332,1532049300.0
4333,1532060150.0
4334,1532060400.0
4335,1532062748.0
4336,1532064704.0
4337,1532065187.0
4338,1532066553.0
4339,1532068177.0
4340,1532070925.0
4341,1532080318.0
4342,1532083541.0
4343,1532085083.0
4344,1532086159.0
4345,1532089905.0
4346,1532090056.0
4347,1532090782.0
4348,1532090868.0
4349,1532096257.0
4350,1532097618.0
4351,1532115218.0
4352,1532117861.0
4353,1532120152.0
4354,1532125410.0
4355,1532126854.0
4356,1531934985.0
4357,1531976231.0
4358,1531992344.0
4359,1531998887.0
4360,1532060348.0
4361,1532078739.0
4362,1532093131.0
4363,1532019465.0
4364,1532053944.0
4365,1532075691.0
4366,1531999822.0
4367,1531911342.0
4368,1532067852.0
4369,1532073785.0
4370,1531915266.0
4371,1531971056.0
4372,1531885874.0
4373,1531952198.0
4374,1532051014.0
4375,1532071687.0
4376,1531910160.0
4377,1531969272.0
4378,1531979943.0
4379,1531996830.0
4380,1532017596.0
4381,1532104085.0
4382,1531924159.0
4383,1531927687.0
4384,1532011409.0
4385,1532096446.0
4386,1532104026.0
4387,1531912753.0
4388,1531972241.0
4389,1532004578.0
4390,1532056856.0
4391,1532074441.0
4392,1532263513.0
4393,1532140854.0
4394,1532142249.0
4395,1532142700.0
4396,1532149795.0
4397,1532150174.0
4398,1532151071.0
4399,1532151567.0
4400,1532151608.0
4401,1532152648.0
4402,1532153790.0
4403,1532154345.0
4404,1532154509.0
4405,1532155405.0
4406,1532155526.0
4407,1532156213.0
4408,1532157839.0
4409,1532160621.0
4410,1532166266.0
4411,1532167244.0
4412,1532168012.0
4413,1532170296.0
4414,1532170430.0
4415,1532171481.0
4416,1532172232.0
4417,1532179833.0
4418,1532189003.0
4419,1532218325.0
4420,1532219998.0
4421,1532225653.0
4422,1532225713.0
4423,1532227030.0
4424,1532237746.0
4425,1532240143.0
4426,1532240962.0
4427,1532243477.0
4428,1532247400.0
4429,1532253195.0
4430,1532254289.0
4431,1532257489.0
4432,1532258305.0
4433,1532262693.0
4434,1532264138.0
4435,1532269853.0
4436,1532275357.0
4437,1532280692.0
4438,1532297676.0
4439,1532303146.0
4440,1532303752.0
4441,1532304700.0
4442,1532304786.0
4443,1532310086.0
4444,1532318433.0
4445,1532322149.0
4446,1532322302.0
4447,1532323875.0
4448,1532324472.0
4449,1532325360.0
4450,1532327501.0
4451,1532328663.0
4452,1532329442.0
4453,1532329990.0
4454,1532330211.0
4455,1532330591.0
4456,1532331695.0
4457,1532331750.0
4458,1532335721.0
4459,1532336893.0
4460,1532338214.0
4461,1532341150.0
4462,1532341257.0
4463,1532341683.0
4464,1532342528.0
4465,1532342890.0
4466,1532343173.0
4467,1532150545.0
4468,1532173038.0
4469,1532315311.0
4470,1532245181.0
4471,1532249163.0
4472,1532233554.0
4473,1532248368.0
4474,1532333522.0
4475,1532329151.0
4476,1532124527.0
4477,1532247388.0
4478,1532267790.0
4479,1532280895.0
4480,1532284133.0
4481,1532339299.0
4482,1532257026.0
4483,1532332691.0
4484,1532127256.0
4485,1532172443.0
4486,1532253269.0
4487,1532326620.0
4488,1532244140.0
4489,1532190833.0
4490,1532276948.0
4491,1532184053.0
4492,1532187459.0
4493,1532271560.0
4494,1532272948.0
4495,1532229803.0
4496,1532246787.0
4497,1532349119.0
4498,1532349561.0
4499,1532349737.0
4500,1532350817.0
4501,1532358681.0
4502,1532385159.0
4503,1532387456.0
4504,1532391518.0
4505,1532400953.0
4506,1532403012.0
4507,1532409444.0
4508,1532409967.0
4509,1532410292.0
4510,1532412133.0
4511,1532415430.0
4512,1532421530.0
4513,1532422564.0
4514,1532427505.0
4515,1532429749.0
4516,1532431006.0
4517,1532434835.0
4518,1532438431.0
4519,1532442885.0
4520,1532450588.0
4521,1532455568.0
4522,1532468144.0
4523,1532469809.0
4524,1532471812.0
4525,1532473028.0
4526,1532473141.0
4527,1532476818.0
4528,1532480861.0
4529,1532487261.0
4530,1532490202.0
4531,1532494527.0
4532,1532495552.0
4533,1532495996.0
4534,1532498325.0
4535,1532498471.0
4536,1532499471.0
4537,1532503139.0
4538,1532506000.0
4539,1532507267.0
4540,1532508032.0
4541,1532510626.0
4542,1532512179.0
4543,1532512514.0
4544,1532512864.0
4545,1532512929.0
4546,1532515230.0
4547,1532516585.0
4548,1532521130.0
4549,1532521630.0
4550,1532523693.0
4551,1532525501.0
4552,1532533109.0
4553,1532542442.0
4554,1532560203.0
4555,1532565395.0
4556,1532566262.0
4557,1532568084.0
4558,1532573864.0
4559,1532575521.0
4560,1532579120.0
4561,1532580411.0
4562,1532585620.0
4563,1532585698.0
4564,1532587195.0
4565,1532349136.0
4566,1532406812.0
4567,1532435195.0
4568,1532495005.0
4569,1532518676.0
4570,1532577663.0
4571,1532432330.0
4572,1532377243.0
4573,1532529002.0
4574,1532586495.0
4575,1532484503.0
4576,1532586344.0
4577,1532477454.0
4578,1532503814.0
4579,1532384777.0
4580,1532386004.0
4581,1532398472.0
4582,1532344175.0
4583,1532411736.0
4584,1532499942.0
4585,1532545688.0
4586,1532246930.0
4587,1532248102.0
4588,1532449062.0
4589,1532535513.0
4590,1532354018.0
4591,1532355619.0
4592,1532442837.0
4593,1532447482.0
4594,1532529293.0
4595,1532532157.0
4596,1532317709.0
4597,1532432285.0
4598,1532489103.0
4599,1532507424.0
4600,1532575550.0
4601,1532591676.0
4602,1532593616.0
4603,1532593845.0
4604,1532595206.0
4605,1532597056.0
4606,1532597927.0
4607,1532600809.0
4608,1532607471.0
4609,1532608171.0
4610,1532613443.0
4611,1532614026.0
4612,1532614336.0
4613,1532614460.0
4614,1532619453.0
4615,1532626364.0
4616,1532629168.0
4617,1532650721.0
4618,1532652222.0
4619,1532657280.0
4620,1532662610.0
4621,1532669617.0
4622,1532670388.0
4623,1532673827.0
4624,1532674480.0
4625,1532674517.0
4626,1532675194.0
4627,1532679345.0
4628,1532681580.0
4629,1532681869.0
4630,1532682765.0
4631,1532683430.0
4632,1532684596.0
4633,1532686251.0
4634,1532686833.0
4635,1532689624.0
4636,1532698429.0
4637,1532701091.0
4638,1532702499.0
4639,1532704723.0
4640,1532706763.0
4641,1532713483.0
4642,1532736488.0
4643,1532742645.0
4644,1532747123.0
4645,1532750121.0
4646,1532756597.0
4647,1532759785.0
4648,1532760419.0
4649,1532760518.0
4650,1532761466.0
4651,1532765656.0
4652,1532767142.0
4653,1532768721.0
4654,1532775253.0
4655,1532775456.0
4656,1532775505.0
4657,1532775740.0
4658,1532775798.0
4659,1532788086.0
4660,1532800738.0
4661,1532664801.0
4662,1532781566.0
4663,1532676097.0
4664,1532787827.0
4665,1532666423.0
4666,1532659136.0
4667,1532667473.0
4668,1532642808.0
4669,1532662545.0
4670,1532662848.0
4671,1532678044.0
4672,1532730889.0
4673,1532749772.0
4674,1532797728.0
4675,1532648059.0
4676,1532674645.0
4677,1532745444.0
4678,1532752810.0
4679,1532673783.0
4680,1532273307.0
4681,1532622238.0
4682,1532709364.0
4683,1532797047.0
4684,1532614444.0
4685,1532618695.0
4686,1532711899.0
4687,1532784928.0
4688,1532793437.0
4689,1532592072.0
4690,1532662615.0
4691,1532696231.0
4692,1532749198.0
4693,1532778765.0
4694,1532866471.0
4695,1532868464.0
4696,1532821808.0
4697,1532867972.0
4698,1532838449.0
4699,1532866737.0
4700,1532841293.0
4701,1532842895.0
4702,1532844831.0
4703,1532848317.0
4704,1532855823.0
4705,1532857253.0
4706,1532858673.0
4707,1532859200.0
4708,1532860964.0
4709,1532864386.0
4710,1532866402.0
4711,1532868296.0
4712,1532870774.0
4713,1532878035.0
4714,1532881711.0
4715,1532885596.0
4716,1532886110.0
4717,1532841283.0
4718,1532854000.0
4719,1532858410.0
4720,1532886828.0
4721,1532839213.0
4722,1532873756.0
4723,1525011356.0
4724,1527600051.0
4725,1530278451.0
4726,1530278451.0
4727,1532826411.0
4728,1532835281.0
4729,1532836064.0
4730,1532860950.0
4731,1522607446.0
4732,1532881932.0
4733,1532854838.0
4734,1532857043.0
4735,1532876892.0
4736,1532881510.0
4737,1532874506.0
4738,1532877528.0
4739,1532851235.0
4740,1532852785.0
4741,1532922744.0
4742,1532951586.0
4743,1533008406.0
4744,1533038706.0
